ID,VARIABLE,PARAMETER,VALUE,TIMESTAMP
1,USTAR_MP_METHOD,SUCCESS_RUN,1,2002
1,USTAR_MP_METHOD,SUCCESS_RUN,1,2003
1,USTAR_MP_METHOD,SUCCESS_RUN,1,2004
1,USTAR_MP_METHOD,SUCCESS_RUN,1,2005
1,USTAR_MP_METHOD,SUCCESS_RUN,1,2006
1,USTAR_MP_METHOD,SUCCESS_RUN,0,2007
1,USTAR_MP_METHOD,SUCCESS_RUN,1,2008
1,USTAR_MP_METHOD,SUCCESS_RUN,1,2009
1,USTAR_MP_METHOD,SUCCESS_RUN,1,2010
1,USTAR_MP_METHOD,SUCCESS_RUN,1,2011
2,USTAR_CP_METHOD,SUCCESS_RUN,1,2002
2,USTAR_CP_METHOD,SUCCESS_RUN,1,2003
2,USTAR_CP_METHOD,SUCCESS_RUN,1,2004
2,USTAR_CP_METHOD,SUCCESS_RUN,1,2005
2,USTAR_CP_METHOD,SUCCESS_RUN,0,2006
2,USTAR_CP_METHOD,SUCCESS_RUN,0,2007
2,USTAR_CP_METHOD,SUCCESS_RUN,0,2008
2,USTAR_CP_METHOD,SUCCESS_RUN,1,2009
2,USTAR_CP_METHOD,SUCCESS_RUN,1,2010
2,USTAR_CP_METHOD,SUCCESS_RUN,0,2011
3,NEE_CUT_USTAR50,USTAR_THRESHOLD,0.225371,-9999
4,NEE_VUT_USTAR50,USTAR_THRESHOLD,0.253556,2002
4,NEE_VUT_USTAR50,USTAR_THRESHOLD,0.2446,2003
4,NEE_VUT_USTAR50,USTAR_THRESHOLD,0.23233,2004
4,NEE_VUT_USTAR50,USTAR_THRESHOLD,0.220857,2005
4,NEE_VUT_USTAR50,USTAR_THRESHOLD,0.2111,2006
4,NEE_VUT_USTAR50,USTAR_THRESHOLD,0.148143,2007
4,NEE_VUT_USTAR50,USTAR_THRESHOLD,0.189048,2008
4,NEE_VUT_USTAR50,USTAR_THRESHOLD,0.207286,2009
4,NEE_VUT_USTAR50,USTAR_THRESHOLD,0.211545,2010
4,NEE_VUT_USTAR50,USTAR_THRESHOLD,0.200375,2011
5,NEE_CUT_REF,HH_USTAR_PERCENTILE,46.25,-9999
5,NEE_CUT_REF,HH_USTAR_THRESHOLD,0.216167,-9999
6,NEE_VUT_REF,HH_USTAR_PERCENTILE,46.25,2002
6,NEE_VUT_REF,HH_USTAR_THRESHOLD,0.247458,2002
6,NEE_VUT_REF,HH_USTAR_PERCENTILE,46.25,2003
6,NEE_VUT_REF,HH_USTAR_THRESHOLD,0.239,2003
6,NEE_VUT_REF,HH_USTAR_PERCENTILE,46.25,2004
6,NEE_VUT_REF,HH_USTAR_THRESHOLD,0.2234,2004
6,NEE_VUT_REF,HH_USTAR_PERCENTILE,46.25,2005
6,NEE_VUT_REF,HH_USTAR_THRESHOLD,0.21,2005
6,NEE_VUT_REF,HH_USTAR_PERCENTILE,46.25,2006
6,NEE_VUT_REF,HH_USTAR_THRESHOLD,0.203667,2006
6,NEE_VUT_REF,HH_USTAR_PERCENTILE,46.25,2007
6,NEE_VUT_REF,HH_USTAR_THRESHOLD,0.1455,2007
6,NEE_VUT_REF,HH_USTAR_PERCENTILE,46.25,2008
6,NEE_VUT_REF,HH_USTAR_THRESHOLD,0.184,2008
6,NEE_VUT_REF,HH_USTAR_PERCENTILE,46.25,2009
6,NEE_VUT_REF,HH_USTAR_THRESHOLD,0.192833,2009
6,NEE_VUT_REF,HH_USTAR_PERCENTILE,46.25,2010
6,NEE_VUT_REF,HH_USTAR_THRESHOLD,0.200375,2010
6,NEE_VUT_REF,HH_USTAR_PERCENTILE,46.25,2011
6,NEE_VUT_REF,HH_USTAR_THRESHOLD,0.189583,2011
7,NEE_CUT_REF,DD_USTAR_PERCENTILE,43.75,-9999
7,NEE_CUT_REF,DD_USTAR_THRESHOLD,0.2105,-9999
8,NEE_VUT_REF,DD_USTAR_PERCENTILE,36.25,2002
8,NEE_VUT_REF,DD_USTAR_THRESHOLD,0.23359,2002
8,NEE_VUT_REF,DD_USTAR_PERCENTILE,36.25,2003
8,NEE_VUT_REF,DD_USTAR_THRESHOLD,0.223,2003
8,NEE_VUT_REF,DD_USTAR_PERCENTILE,36.25,2004
8,NEE_VUT_REF,DD_USTAR_THRESHOLD,0.202625,2004
8,NEE_VUT_REF,DD_USTAR_PERCENTILE,36.25,2005
8,NEE_VUT_REF,DD_USTAR_THRESHOLD,0.189375,2005
8,NEE_VUT_REF,DD_USTAR_PERCENTILE,36.25,2006
8,NEE_VUT_REF,DD_USTAR_THRESHOLD,0.18125,2006
8,NEE_VUT_REF,DD_USTAR_PERCENTILE,36.25,2007
8,NEE_VUT_REF,DD_USTAR_THRESHOLD,0.141889,2007
8,NEE_VUT_REF,DD_USTAR_PERCENTILE,36.25,2008
8,NEE_VUT_REF,DD_USTAR_THRESHOLD,0.1714,2008
8,NEE_VUT_REF,DD_USTAR_PERCENTILE,36.25,2009
8,NEE_VUT_REF,DD_USTAR_THRESHOLD,0.1782,2009
8,NEE_VUT_REF,DD_USTAR_PERCENTILE,36.25,2010
8,NEE_VUT_REF,DD_USTAR_THRESHOLD,0.183,2010
8,NEE_VUT_REF,DD_USTAR_PERCENTILE,36.25,2011
8,NEE_VUT_REF,DD_USTAR_THRESHOLD,0.1745,2011
9,NEE_CUT_REF,WW_USTAR_PERCENTILE,43.75,-9999
9,NEE_CUT_REF,WW_USTAR_THRESHOLD,0.2105,-9999
10,NEE_VUT_REF,WW_USTAR_PERCENTILE,36.25,2002
10,NEE_VUT_REF,WW_USTAR_THRESHOLD,0.23359,2002
10,NEE_VUT_REF,WW_USTAR_PERCENTILE,36.25,2003
10,NEE_VUT_REF,WW_USTAR_THRESHOLD,0.223,2003
10,NEE_VUT_REF,WW_USTAR_PERCENTILE,36.25,2004
10,NEE_VUT_REF,WW_USTAR_THRESHOLD,0.202625,2004
10,NEE_VUT_REF,WW_USTAR_PERCENTILE,36.25,2005
10,NEE_VUT_REF,WW_USTAR_THRESHOLD,0.189375,2005
10,NEE_VUT_REF,WW_USTAR_PERCENTILE,36.25,2006
10,NEE_VUT_REF,WW_USTAR_THRESHOLD,0.18125,2006
10,NEE_VUT_REF,WW_USTAR_PERCENTILE,36.25,2007
10,NEE_VUT_REF,WW_USTAR_THRESHOLD,0.141889,2007
10,NEE_VUT_REF,WW_USTAR_PERCENTILE,36.25,2008
10,NEE_VUT_REF,WW_USTAR_THRESHOLD,0.1714,2008
10,NEE_VUT_REF,WW_USTAR_PERCENTILE,36.25,2009
10,NEE_VUT_REF,WW_USTAR_THRESHOLD,0.1782,2009
10,NEE_VUT_REF,WW_USTAR_PERCENTILE,36.25,2010
10,NEE_VUT_REF,WW_USTAR_THRESHOLD,0.183,2010
10,NEE_VUT_REF,WW_USTAR_PERCENTILE,36.25,2011
10,NEE_VUT_REF,WW_USTAR_THRESHOLD,0.1745,2011
11,NEE_CUT_REF,MM_USTAR_PERCENTILE,41.25,-9999
11,NEE_CUT_REF,MM_USTAR_THRESHOLD,0.203667,-9999
12,NEE_VUT_REF,MM_USTAR_PERCENTILE,36.25,2002
12,NEE_VUT_REF,MM_USTAR_THRESHOLD,0.23359,2002
12,NEE_VUT_REF,MM_USTAR_PERCENTILE,36.25,2003
12,NEE_VUT_REF,MM_USTAR_THRESHOLD,0.223,2003
12,NEE_VUT_REF,MM_USTAR_PERCENTILE,36.25,2004
12,NEE_VUT_REF,MM_USTAR_THRESHOLD,0.202625,2004
12,NEE_VUT_REF,MM_USTAR_PERCENTILE,36.25,2005
12,NEE_VUT_REF,MM_USTAR_THRESHOLD,0.189375,2005
12,NEE_VUT_REF,MM_USTAR_PERCENTILE,36.25,2006
12,NEE_VUT_REF,MM_USTAR_THRESHOLD,0.18125,2006
12,NEE_VUT_REF,MM_USTAR_PERCENTILE,36.25,2007
12,NEE_VUT_REF,MM_USTAR_THRESHOLD,0.141889,2007
12,NEE_VUT_REF,MM_USTAR_PERCENTILE,36.25,2008
12,NEE_VUT_REF,MM_USTAR_THRESHOLD,0.1714,2008
12,NEE_VUT_REF,MM_USTAR_PERCENTILE,36.25,2009
12,NEE_VUT_REF,MM_USTAR_THRESHOLD,0.1782,2009
12,NEE_VUT_REF,MM_USTAR_PERCENTILE,36.25,2010
12,NEE_VUT_REF,MM_USTAR_THRESHOLD,0.183,2010
12,NEE_VUT_REF,MM_USTAR_PERCENTILE,36.25,2011
12,NEE_VUT_REF,MM_USTAR_THRESHOLD,0.1745,2011
13,NEE_CUT_REF,YY_USTAR_PERCENTILE,38.75,-9999
13,NEE_CUT_REF,YY_USTAR_THRESHOLD,0.199357,-9999
14,NEE_VUT_REF,YY_USTAR_PERCENTILE,36.25,2002
14,NEE_VUT_REF,YY_USTAR_THRESHOLD,0.23359,2002
14,NEE_VUT_REF,YY_USTAR_PERCENTILE,36.25,2003
14,NEE_VUT_REF,YY_USTAR_THRESHOLD,0.223,2003
14,NEE_VUT_REF,YY_USTAR_PERCENTILE,36.25,2004
14,NEE_VUT_REF,YY_USTAR_THRESHOLD,0.202625,2004
14,NEE_VUT_REF,YY_USTAR_PERCENTILE,36.25,2005
14,NEE_VUT_REF,YY_USTAR_THRESHOLD,0.189375,2005
14,NEE_VUT_REF,YY_USTAR_PERCENTILE,36.25,2006
14,NEE_VUT_REF,YY_USTAR_THRESHOLD,0.18125,2006
14,NEE_VUT_REF,YY_USTAR_PERCENTILE,36.25,2007
14,NEE_VUT_REF,YY_USTAR_THRESHOLD,0.141889,2007
14,NEE_VUT_REF,YY_USTAR_PERCENTILE,36.25,2008
14,NEE_VUT_REF,YY_USTAR_THRESHOLD,0.1714,2008
14,NEE_VUT_REF,YY_USTAR_PERCENTILE,36.25,2009
14,NEE_VUT_REF,YY_USTAR_THRESHOLD,0.1782,2009
14,NEE_VUT_REF,YY_USTAR_PERCENTILE,36.25,2010
14,NEE_VUT_REF,YY_USTAR_THRESHOLD,0.183,2010
14,NEE_VUT_REF,YY_USTAR_PERCENTILE,36.25,2011
14,NEE_VUT_REF,YY_USTAR_THRESHOLD,0.1745,2011
15,RECO_NT_CUT_REF,HH_USTAR_PERCENTILE,38.75,-9999
15,RECO_NT_CUT_REF,HH_USTAR_THRESHOLD,0.199357,-9999
16,RECO_NT_VUT_REF,HH_USTAR_PERCENTILE,46.25,2002
16,RECO_NT_VUT_REF,HH_USTAR_THRESHOLD,0.247458,2002
16,RECO_NT_VUT_REF,HH_USTAR_PERCENTILE,46.25,2003
16,RECO_NT_VUT_REF,HH_USTAR_THRESHOLD,0.239,2003
16,RECO_NT_VUT_REF,HH_USTAR_PERCENTILE,46.25,2004
16,RECO_NT_VUT_REF,HH_USTAR_THRESHOLD,0.2234,2004
16,RECO_NT_VUT_REF,HH_USTAR_PERCENTILE,46.25,2005
16,RECO_NT_VUT_REF,HH_USTAR_THRESHOLD,0.21,2005
16,RECO_NT_VUT_REF,HH_USTAR_PERCENTILE,46.25,2006
16,RECO_NT_VUT_REF,HH_USTAR_THRESHOLD,0.203667,2006
16,RECO_NT_VUT_REF,HH_USTAR_PERCENTILE,46.25,2007
16,RECO_NT_VUT_REF,HH_USTAR_THRESHOLD,0.1455,2007
16,RECO_NT_VUT_REF,HH_USTAR_PERCENTILE,46.25,2008
16,RECO_NT_VUT_REF,HH_USTAR_THRESHOLD,0.184,2008
16,RECO_NT_VUT_REF,HH_USTAR_PERCENTILE,46.25,2009
16,RECO_NT_VUT_REF,HH_USTAR_THRESHOLD,0.192833,2009
16,RECO_NT_VUT_REF,HH_USTAR_PERCENTILE,46.25,2010
16,RECO_NT_VUT_REF,HH_USTAR_THRESHOLD,0.200375,2010
16,RECO_NT_VUT_REF,HH_USTAR_PERCENTILE,46.25,2011
16,RECO_NT_VUT_REF,HH_USTAR_THRESHOLD,0.189583,2011
17,RECO_NT_CUT_REF,DD_USTAR_PERCENTILE,38.75,-9999
17,RECO_NT_CUT_REF,DD_USTAR_THRESHOLD,0.199357,-9999
18,RECO_NT_VUT_REF,DD_USTAR_PERCENTILE,46.25,2002
18,RECO_NT_VUT_REF,DD_USTAR_THRESHOLD,0.247458,2002
18,RECO_NT_VUT_REF,DD_USTAR_PERCENTILE,46.25,2003
18,RECO_NT_VUT_REF,DD_USTAR_THRESHOLD,0.239,2003
18,RECO_NT_VUT_REF,DD_USTAR_PERCENTILE,46.25,2004
18,RECO_NT_VUT_REF,DD_USTAR_THRESHOLD,0.2234,2004
18,RECO_NT_VUT_REF,DD_USTAR_PERCENTILE,46.25,2005
18,RECO_NT_VUT_REF,DD_USTAR_THRESHOLD,0.21,2005
18,RECO_NT_VUT_REF,DD_USTAR_PERCENTILE,46.25,2006
18,RECO_NT_VUT_REF,DD_USTAR_THRESHOLD,0.203667,2006
18,RECO_NT_VUT_REF,DD_USTAR_PERCENTILE,46.25,2007
18,RECO_NT_VUT_REF,DD_USTAR_THRESHOLD,0.1455,2007
18,RECO_NT_VUT_REF,DD_USTAR_PERCENTILE,46.25,2008
18,RECO_NT_VUT_REF,DD_USTAR_THRESHOLD,0.184,2008
18,RECO_NT_VUT_REF,DD_USTAR_PERCENTILE,46.25,2009
18,RECO_NT_VUT_REF,DD_USTAR_THRESHOLD,0.192833,2009
18,RECO_NT_VUT_REF,DD_USTAR_PERCENTILE,46.25,2010
18,RECO_NT_VUT_REF,DD_USTAR_THRESHOLD,0.200375,2010
18,RECO_NT_VUT_REF,DD_USTAR_PERCENTILE,46.25,2011
18,RECO_NT_VUT_REF,DD_USTAR_THRESHOLD,0.189583,2011
19,RECO_NT_CUT_REF,WW_USTAR_PERCENTILE,38.75,-9999
19,RECO_NT_CUT_REF,WW_USTAR_THRESHOLD,0.199357,-9999
20,RECO_NT_VUT_REF,WW_USTAR_PERCENTILE,46.25,2002
20,RECO_NT_VUT_REF,WW_USTAR_THRESHOLD,0.247458,2002
20,RECO_NT_VUT_REF,WW_USTAR_PERCENTILE,46.25,2003
20,RECO_NT_VUT_REF,WW_USTAR_THRESHOLD,0.239,2003
20,RECO_NT_VUT_REF,WW_USTAR_PERCENTILE,46.25,2004
20,RECO_NT_VUT_REF,WW_USTAR_THRESHOLD,0.2234,2004
20,RECO_NT_VUT_REF,WW_USTAR_PERCENTILE,46.25,2005
20,RECO_NT_VUT_REF,WW_USTAR_THRESHOLD,0.21,2005
20,RECO_NT_VUT_REF,WW_USTAR_PERCENTILE,46.25,2006
20,RECO_NT_VUT_REF,WW_USTAR_THRESHOLD,0.203667,2006
20,RECO_NT_VUT_REF,WW_USTAR_PERCENTILE,46.25,2007
20,RECO_NT_VUT_REF,WW_USTAR_THRESHOLD,0.1455,2007
20,RECO_NT_VUT_REF,WW_USTAR_PERCENTILE,46.25,2008
20,RECO_NT_VUT_REF,WW_USTAR_THRESHOLD,0.184,2008
20,RECO_NT_VUT_REF,WW_USTAR_PERCENTILE,46.25,2009
20,RECO_NT_VUT_REF,WW_USTAR_THRESHOLD,0.192833,2009
20,RECO_NT_VUT_REF,WW_USTAR_PERCENTILE,46.25,2010
20,RECO_NT_VUT_REF,WW_USTAR_THRESHOLD,0.200375,2010
20,RECO_NT_VUT_REF,WW_USTAR_PERCENTILE,46.25,2011
20,RECO_NT_VUT_REF,WW_USTAR_THRESHOLD,0.189583,2011
21,RECO_NT_CUT_REF,MM_USTAR_PERCENTILE,38.75,-9999
21,RECO_NT_CUT_REF,MM_USTAR_THRESHOLD,0.199357,-9999
22,RECO_NT_VUT_REF,MM_USTAR_PERCENTILE,46.25,2002
22,RECO_NT_VUT_REF,MM_USTAR_THRESHOLD,0.247458,2002
22,RECO_NT_VUT_REF,MM_USTAR_PERCENTILE,46.25,2003
22,RECO_NT_VUT_REF,MM_USTAR_THRESHOLD,0.239,2003
22,RECO_NT_VUT_REF,MM_USTAR_PERCENTILE,46.25,2004
22,RECO_NT_VUT_REF,MM_USTAR_THRESHOLD,0.2234,2004
22,RECO_NT_VUT_REF,MM_USTAR_PERCENTILE,46.25,2005
22,RECO_NT_VUT_REF,MM_USTAR_THRESHOLD,0.21,2005
22,RECO_NT_VUT_REF,MM_USTAR_PERCENTILE,46.25,2006
22,RECO_NT_VUT_REF,MM_USTAR_THRESHOLD,0.203667,2006
22,RECO_NT_VUT_REF,MM_USTAR_PERCENTILE,46.25,2007
22,RECO_NT_VUT_REF,MM_USTAR_THRESHOLD,0.1455,2007
22,RECO_NT_VUT_REF,MM_USTAR_PERCENTILE,46.25,2008
22,RECO_NT_VUT_REF,MM_USTAR_THRESHOLD,0.184,2008
22,RECO_NT_VUT_REF,MM_USTAR_PERCENTILE,46.25,2009
22,RECO_NT_VUT_REF,MM_USTAR_THRESHOLD,0.192833,2009
22,RECO_NT_VUT_REF,MM_USTAR_PERCENTILE,46.25,2010
22,RECO_NT_VUT_REF,MM_USTAR_THRESHOLD,0.200375,2010
22,RECO_NT_VUT_REF,MM_USTAR_PERCENTILE,46.25,2011
22,RECO_NT_VUT_REF,MM_USTAR_THRESHOLD,0.189583,2011
23,RECO_NT_CUT_REF,YY_USTAR_PERCENTILE,38.75,-9999
23,RECO_NT_CUT_REF,YY_USTAR_THRESHOLD,0.199357,-9999
24,RECO_NT_VUT_REF,YY_USTAR_PERCENTILE,46.25,2002
24,RECO_NT_VUT_REF,YY_USTAR_THRESHOLD,0.247458,2002
24,RECO_NT_VUT_REF,YY_USTAR_PERCENTILE,46.25,2003
24,RECO_NT_VUT_REF,YY_USTAR_THRESHOLD,0.239,2003
24,RECO_NT_VUT_REF,YY_USTAR_PERCENTILE,46.25,2004
24,RECO_NT_VUT_REF,YY_USTAR_THRESHOLD,0.2234,2004
24,RECO_NT_VUT_REF,YY_USTAR_PERCENTILE,46.25,2005
24,RECO_NT_VUT_REF,YY_USTAR_THRESHOLD,0.21,2005
24,RECO_NT_VUT_REF,YY_USTAR_PERCENTILE,46.25,2006
24,RECO_NT_VUT_REF,YY_USTAR_THRESHOLD,0.203667,2006
24,RECO_NT_VUT_REF,YY_USTAR_PERCENTILE,46.25,2007
24,RECO_NT_VUT_REF,YY_USTAR_THRESHOLD,0.1455,2007
24,RECO_NT_VUT_REF,YY_USTAR_PERCENTILE,46.25,2008
24,RECO_NT_VUT_REF,YY_USTAR_THRESHOLD,0.184,2008
24,RECO_NT_VUT_REF,YY_USTAR_PERCENTILE,46.25,2009
24,RECO_NT_VUT_REF,YY_USTAR_THRESHOLD,0.192833,2009
24,RECO_NT_VUT_REF,YY_USTAR_PERCENTILE,46.25,2010
24,RECO_NT_VUT_REF,YY_USTAR_THRESHOLD,0.200375,2010
24,RECO_NT_VUT_REF,YY_USTAR_PERCENTILE,46.25,2011
24,RECO_NT_VUT_REF,YY_USTAR_THRESHOLD,0.189583,2011
25,GPP_NT_CUT_REF,HH_USTAR_PERCENTILE,46.25,-9999
25,GPP_NT_CUT_REF,HH_USTAR_THRESHOLD,0.216167,-9999
26,GPP_NT_VUT_REF,HH_USTAR_PERCENTILE,46.25,2002
26,GPP_NT_VUT_REF,HH_USTAR_THRESHOLD,0.247458,2002
26,GPP_NT_VUT_REF,HH_USTAR_PERCENTILE,46.25,2003
26,GPP_NT_VUT_REF,HH_USTAR_THRESHOLD,0.239,2003
26,GPP_NT_VUT_REF,HH_USTAR_PERCENTILE,46.25,2004
26,GPP_NT_VUT_REF,HH_USTAR_THRESHOLD,0.2234,2004
26,GPP_NT_VUT_REF,HH_USTAR_PERCENTILE,46.25,2005
26,GPP_NT_VUT_REF,HH_USTAR_THRESHOLD,0.21,2005
26,GPP_NT_VUT_REF,HH_USTAR_PERCENTILE,46.25,2006
26,GPP_NT_VUT_REF,HH_USTAR_THRESHOLD,0.203667,2006
26,GPP_NT_VUT_REF,HH_USTAR_PERCENTILE,46.25,2007
26,GPP_NT_VUT_REF,HH_USTAR_THRESHOLD,0.1455,2007
26,GPP_NT_VUT_REF,HH_USTAR_PERCENTILE,46.25,2008
26,GPP_NT_VUT_REF,HH_USTAR_THRESHOLD,0.184,2008
26,GPP_NT_VUT_REF,HH_USTAR_PERCENTILE,46.25,2009
26,GPP_NT_VUT_REF,HH_USTAR_THRESHOLD,0.192833,2009
26,GPP_NT_VUT_REF,HH_USTAR_PERCENTILE,46.25,2010
26,GPP_NT_VUT_REF,HH_USTAR_THRESHOLD,0.200375,2010
26,GPP_NT_VUT_REF,HH_USTAR_PERCENTILE,46.25,2011
26,GPP_NT_VUT_REF,HH_USTAR_THRESHOLD,0.189583,2011
27,GPP_NT_CUT_REF,DD_USTAR_PERCENTILE,38.75,-9999
27,GPP_NT_CUT_REF,DD_USTAR_THRESHOLD,0.199357,-9999
28,GPP_NT_VUT_REF,DD_USTAR_PERCENTILE,46.25,2002
28,GPP_NT_VUT_REF,DD_USTAR_THRESHOLD,0.247458,2002
28,GPP_NT_VUT_REF,DD_USTAR_PERCENTILE,46.25,2003
28,GPP_NT_VUT_REF,DD_USTAR_THRESHOLD,0.239,2003
28,GPP_NT_VUT_REF,DD_USTAR_PERCENTILE,46.25,2004
28,GPP_NT_VUT_REF,DD_USTAR_THRESHOLD,0.2234,2004
28,GPP_NT_VUT_REF,DD_USTAR_PERCENTILE,46.25,2005
28,GPP_NT_VUT_REF,DD_USTAR_THRESHOLD,0.21,2005
28,GPP_NT_VUT_REF,DD_USTAR_PERCENTILE,46.25,2006
28,GPP_NT_VUT_REF,DD_USTAR_THRESHOLD,0.203667,2006
28,GPP_NT_VUT_REF,DD_USTAR_PERCENTILE,46.25,2007
28,GPP_NT_VUT_REF,DD_USTAR_THRESHOLD,0.1455,2007
28,GPP_NT_VUT_REF,DD_USTAR_PERCENTILE,46.25,2008
28,GPP_NT_VUT_REF,DD_USTAR_THRESHOLD,0.184,2008
28,GPP_NT_VUT_REF,DD_USTAR_PERCENTILE,46.25,2009
28,GPP_NT_VUT_REF,DD_USTAR_THRESHOLD,0.192833,2009
28,GPP_NT_VUT_REF,DD_USTAR_PERCENTILE,46.25,2010
28,GPP_NT_VUT_REF,DD_USTAR_THRESHOLD,0.200375,2010
28,GPP_NT_VUT_REF,DD_USTAR_PERCENTILE,46.25,2011
28,GPP_NT_VUT_REF,DD_USTAR_THRESHOLD,0.189583,2011
29,GPP_NT_CUT_REF,WW_USTAR_PERCENTILE,38.75,-9999
29,GPP_NT_CUT_REF,WW_USTAR_THRESHOLD,0.199357,-9999
30,GPP_NT_VUT_REF,WW_USTAR_PERCENTILE,46.25,2002
30,GPP_NT_VUT_REF,WW_USTAR_THRESHOLD,0.247458,2002
30,GPP_NT_VUT_REF,WW_USTAR_PERCENTILE,46.25,2003
30,GPP_NT_VUT_REF,WW_USTAR_THRESHOLD,0.239,2003
30,GPP_NT_VUT_REF,WW_USTAR_PERCENTILE,46.25,2004
30,GPP_NT_VUT_REF,WW_USTAR_THRESHOLD,0.2234,2004
30,GPP_NT_VUT_REF,WW_USTAR_PERCENTILE,46.25,2005
30,GPP_NT_VUT_REF,WW_USTAR_THRESHOLD,0.21,2005
30,GPP_NT_VUT_REF,WW_USTAR_PERCENTILE,46.25,2006
30,GPP_NT_VUT_REF,WW_USTAR_THRESHOLD,0.203667,2006
30,GPP_NT_VUT_REF,WW_USTAR_PERCENTILE,46.25,2007
30,GPP_NT_VUT_REF,WW_USTAR_THRESHOLD,0.1455,2007
30,GPP_NT_VUT_REF,WW_USTAR_PERCENTILE,46.25,2008
30,GPP_NT_VUT_REF,WW_USTAR_THRESHOLD,0.184,2008
30,GPP_NT_VUT_REF,WW_USTAR_PERCENTILE,46.25,2009
30,GPP_NT_VUT_REF,WW_USTAR_THRESHOLD,0.192833,2009
30,GPP_NT_VUT_REF,WW_USTAR_PERCENTILE,46.25,2010
30,GPP_NT_VUT_REF,WW_USTAR_THRESHOLD,0.200375,2010
30,GPP_NT_VUT_REF,WW_USTAR_PERCENTILE,46.25,2011
30,GPP_NT_VUT_REF,WW_USTAR_THRESHOLD,0.189583,2011
31,GPP_NT_CUT_REF,MM_USTAR_PERCENTILE,41.25,-9999
31,GPP_NT_CUT_REF,MM_USTAR_THRESHOLD,0.203667,-9999
32,GPP_NT_VUT_REF,MM_USTAR_PERCENTILE,46.25,2002
32,GPP_NT_VUT_REF,MM_USTAR_THRESHOLD,0.247458,2002
32,GPP_NT_VUT_REF,MM_USTAR_PERCENTILE,46.25,2003
32,GPP_NT_VUT_REF,MM_USTAR_THRESHOLD,0.239,2003
32,GPP_NT_VUT_REF,MM_USTAR_PERCENTILE,46.25,2004
32,GPP_NT_VUT_REF,MM_USTAR_THRESHOLD,0.2234,2004
32,GPP_NT_VUT_REF,MM_USTAR_PERCENTILE,46.25,2005
32,GPP_NT_VUT_REF,MM_USTAR_THRESHOLD,0.21,2005
32,GPP_NT_VUT_REF,MM_USTAR_PERCENTILE,46.25,2006
32,GPP_NT_VUT_REF,MM_USTAR_THRESHOLD,0.203667,2006
32,GPP_NT_VUT_REF,MM_USTAR_PERCENTILE,46.25,2007
32,GPP_NT_VUT_REF,MM_USTAR_THRESHOLD,0.1455,2007
32,GPP_NT_VUT_REF,MM_USTAR_PERCENTILE,46.25,2008
32,GPP_NT_VUT_REF,MM_USTAR_THRESHOLD,0.184,2008
32,GPP_NT_VUT_REF,MM_USTAR_PERCENTILE,46.25,2009
32,GPP_NT_VUT_REF,MM_USTAR_THRESHOLD,0.192833,2009
32,GPP_NT_VUT_REF,MM_USTAR_PERCENTILE,46.25,2010
32,GPP_NT_VUT_REF,MM_USTAR_THRESHOLD,0.200375,2010
32,GPP_NT_VUT_REF,MM_USTAR_PERCENTILE,46.25,2011
32,GPP_NT_VUT_REF,MM_USTAR_THRESHOLD,0.189583,2011
33,GPP_NT_CUT_REF,YY_USTAR_PERCENTILE,48.75,-9999
33,GPP_NT_CUT_REF,YY_USTAR_THRESHOLD,0.222583,-9999
34,GPP_NT_VUT_REF,YY_USTAR_PERCENTILE,46.25,2002
34,GPP_NT_VUT_REF,YY_USTAR_THRESHOLD,0.247458,2002
34,GPP_NT_VUT_REF,YY_USTAR_PERCENTILE,46.25,2003
34,GPP_NT_VUT_REF,YY_USTAR_THRESHOLD,0.239,2003
34,GPP_NT_VUT_REF,YY_USTAR_PERCENTILE,46.25,2004
34,GPP_NT_VUT_REF,YY_USTAR_THRESHOLD,0.2234,2004
34,GPP_NT_VUT_REF,YY_USTAR_PERCENTILE,46.25,2005
34,GPP_NT_VUT_REF,YY_USTAR_THRESHOLD,0.21,2005
34,GPP_NT_VUT_REF,YY_USTAR_PERCENTILE,46.25,2006
34,GPP_NT_VUT_REF,YY_USTAR_THRESHOLD,0.203667,2006
34,GPP_NT_VUT_REF,YY_USTAR_PERCENTILE,46.25,2007
34,GPP_NT_VUT_REF,YY_USTAR_THRESHOLD,0.1455,2007
34,GPP_NT_VUT_REF,YY_USTAR_PERCENTILE,46.25,2008
34,GPP_NT_VUT_REF,YY_USTAR_THRESHOLD,0.184,2008
34,GPP_NT_VUT_REF,YY_USTAR_PERCENTILE,46.25,2009
34,GPP_NT_VUT_REF,YY_USTAR_THRESHOLD,0.192833,2009
34,GPP_NT_VUT_REF,YY_USTAR_PERCENTILE,46.25,2010
34,GPP_NT_VUT_REF,YY_USTAR_THRESHOLD,0.200375,2010
34,GPP_NT_VUT_REF,YY_USTAR_PERCENTILE,46.25,2011
34,GPP_NT_VUT_REF,YY_USTAR_THRESHOLD,0.189583,2011
35,RECO_DT_CUT_REF,HH_USTAR_PERCENTILE,28.75,-9999
35,RECO_DT_CUT_REF,HH_USTAR_THRESHOLD,0.1814,-9999
36,RECO_DT_VUT_REF,HH_USTAR_PERCENTILE,31.25,2002
36,RECO_DT_VUT_REF,HH_USTAR_THRESHOLD,0.225371,2002
36,RECO_DT_VUT_REF,HH_USTAR_PERCENTILE,31.25,2003
36,RECO_DT_VUT_REF,HH_USTAR_THRESHOLD,0.2133,2003
36,RECO_DT_VUT_REF,HH_USTAR_PERCENTILE,31.25,2004
36,RECO_DT_VUT_REF,HH_USTAR_THRESHOLD,0.192819,2004
36,RECO_DT_VUT_REF,HH_USTAR_PERCENTILE,31.25,2005
36,RECO_DT_VUT_REF,HH_USTAR_THRESHOLD,0.18125,2005
36,RECO_DT_VUT_REF,HH_USTAR_PERCENTILE,31.25,2006
36,RECO_DT_VUT_REF,HH_USTAR_THRESHOLD,0.16775,2006
36,RECO_DT_VUT_REF,HH_USTAR_PERCENTILE,31.25,2007
36,RECO_DT_VUT_REF,HH_USTAR_THRESHOLD,0.1295,2007
36,RECO_DT_VUT_REF,HH_USTAR_PERCENTILE,31.25,2008
36,RECO_DT_VUT_REF,HH_USTAR_THRESHOLD,0.162,2008
36,RECO_DT_VUT_REF,HH_USTAR_PERCENTILE,31.25,2009
36,RECO_DT_VUT_REF,HH_USTAR_THRESHOLD,0.16425,2009
36,RECO_DT_VUT_REF,HH_USTAR_PERCENTILE,31.25,2010
36,RECO_DT_VUT_REF,HH_USTAR_THRESHOLD,0.1764,2010
36,RECO_DT_VUT_REF,HH_USTAR_PERCENTILE,31.25,2011
36,RECO_DT_VUT_REF,HH_USTAR_THRESHOLD,0.16875,2011
37,RECO_DT_CUT_REF,DD_USTAR_PERCENTILE,28.75,-9999
37,RECO_DT_CUT_REF,DD_USTAR_THRESHOLD,0.1814,-9999
38,RECO_DT_VUT_REF,DD_USTAR_PERCENTILE,31.25,2002
38,RECO_DT_VUT_REF,DD_USTAR_THRESHOLD,0.225371,2002
38,RECO_DT_VUT_REF,DD_USTAR_PERCENTILE,31.25,2003
38,RECO_DT_VUT_REF,DD_USTAR_THRESHOLD,0.2133,2003
38,RECO_DT_VUT_REF,DD_USTAR_PERCENTILE,31.25,2004
38,RECO_DT_VUT_REF,DD_USTAR_THRESHOLD,0.192819,2004
38,RECO_DT_VUT_REF,DD_USTAR_PERCENTILE,31.25,2005
38,RECO_DT_VUT_REF,DD_USTAR_THRESHOLD,0.18125,2005
38,RECO_DT_VUT_REF,DD_USTAR_PERCENTILE,31.25,2006
38,RECO_DT_VUT_REF,DD_USTAR_THRESHOLD,0.16775,2006
38,RECO_DT_VUT_REF,DD_USTAR_PERCENTILE,31.25,2007
38,RECO_DT_VUT_REF,DD_USTAR_THRESHOLD,0.1295,2007
38,RECO_DT_VUT_REF,DD_USTAR_PERCENTILE,31.25,2008
38,RECO_DT_VUT_REF,DD_USTAR_THRESHOLD,0.162,2008
38,RECO_DT_VUT_REF,DD_USTAR_PERCENTILE,31.25,2009
38,RECO_DT_VUT_REF,DD_USTAR_THRESHOLD,0.16425,2009
38,RECO_DT_VUT_REF,DD_USTAR_PERCENTILE,31.25,2010
38,RECO_DT_VUT_REF,DD_USTAR_THRESHOLD,0.1764,2010
38,RECO_DT_VUT_REF,DD_USTAR_PERCENTILE,31.25,2011
38,RECO_DT_VUT_REF,DD_USTAR_THRESHOLD,0.16875,2011
39,RECO_DT_CUT_REF,WW_USTAR_PERCENTILE,26.25,-9999
39,RECO_DT_CUT_REF,WW_USTAR_THRESHOLD,0.17695,-9999
40,RECO_DT_VUT_REF,WW_USTAR_PERCENTILE,31.25,2002
40,RECO_DT_VUT_REF,WW_USTAR_THRESHOLD,0.225371,2002
40,RECO_DT_VUT_REF,WW_USTAR_PERCENTILE,31.25,2003
40,RECO_DT_VUT_REF,WW_USTAR_THRESHOLD,0.2133,2003
40,RECO_DT_VUT_REF,WW_USTAR_PERCENTILE,31.25,2004
40,RECO_DT_VUT_REF,WW_USTAR_THRESHOLD,0.192819,2004
40,RECO_DT_VUT_REF,WW_USTAR_PERCENTILE,31.25,2005
40,RECO_DT_VUT_REF,WW_USTAR_THRESHOLD,0.18125,2005
40,RECO_DT_VUT_REF,WW_USTAR_PERCENTILE,31.25,2006
40,RECO_DT_VUT_REF,WW_USTAR_THRESHOLD,0.16775,2006
40,RECO_DT_VUT_REF,WW_USTAR_PERCENTILE,31.25,2007
40,RECO_DT_VUT_REF,WW_USTAR_THRESHOLD,0.1295,2007
40,RECO_DT_VUT_REF,WW_USTAR_PERCENTILE,31.25,2008
40,RECO_DT_VUT_REF,WW_USTAR_THRESHOLD,0.162,2008
40,RECO_DT_VUT_REF,WW_USTAR_PERCENTILE,31.25,2009
40,RECO_DT_VUT_REF,WW_USTAR_THRESHOLD,0.16425,2009
40,RECO_DT_VUT_REF,WW_USTAR_PERCENTILE,31.25,2010
40,RECO_DT_VUT_REF,WW_USTAR_THRESHOLD,0.1764,2010
40,RECO_DT_VUT_REF,WW_USTAR_PERCENTILE,31.25,2011
40,RECO_DT_VUT_REF,WW_USTAR_THRESHOLD,0.16875,2011
41,RECO_DT_CUT_REF,MM_USTAR_PERCENTILE,28.75,-9999
41,RECO_DT_CUT_REF,MM_USTAR_THRESHOLD,0.1814,-9999
42,RECO_DT_VUT_REF,MM_USTAR_PERCENTILE,36.25,2002
42,RECO_DT_VUT_REF,MM_USTAR_THRESHOLD,0.23359,2002
42,RECO_DT_VUT_REF,MM_USTAR_PERCENTILE,36.25,2003
42,RECO_DT_VUT_REF,MM_USTAR_THRESHOLD,0.223,2003
42,RECO_DT_VUT_REF,MM_USTAR_PERCENTILE,36.25,2004
42,RECO_DT_VUT_REF,MM_USTAR_THRESHOLD,0.202625,2004
42,RECO_DT_VUT_REF,MM_USTAR_PERCENTILE,36.25,2005
42,RECO_DT_VUT_REF,MM_USTAR_THRESHOLD,0.189375,2005
42,RECO_DT_VUT_REF,MM_USTAR_PERCENTILE,36.25,2006
42,RECO_DT_VUT_REF,MM_USTAR_THRESHOLD,0.18125,2006
42,RECO_DT_VUT_REF,MM_USTAR_PERCENTILE,36.25,2007
42,RECO_DT_VUT_REF,MM_USTAR_THRESHOLD,0.141889,2007
42,RECO_DT_VUT_REF,MM_USTAR_PERCENTILE,36.25,2008
42,RECO_DT_VUT_REF,MM_USTAR_THRESHOLD,0.1714,2008
42,RECO_DT_VUT_REF,MM_USTAR_PERCENTILE,36.25,2009
42,RECO_DT_VUT_REF,MM_USTAR_THRESHOLD,0.1782,2009
42,RECO_DT_VUT_REF,MM_USTAR_PERCENTILE,36.25,2010
42,RECO_DT_VUT_REF,MM_USTAR_THRESHOLD,0.183,2010
42,RECO_DT_VUT_REF,MM_USTAR_PERCENTILE,36.25,2011
42,RECO_DT_VUT_REF,MM_USTAR_THRESHOLD,0.1745,2011
43,RECO_DT_CUT_REF,YY_USTAR_PERCENTILE,28.75,-9999
43,RECO_DT_CUT_REF,YY_USTAR_THRESHOLD,0.1814,-9999
44,RECO_DT_VUT_REF,YY_USTAR_PERCENTILE,36.25,2002
44,RECO_DT_VUT_REF,YY_USTAR_THRESHOLD,0.23359,2002
44,RECO_DT_VUT_REF,YY_USTAR_PERCENTILE,36.25,2003
44,RECO_DT_VUT_REF,YY_USTAR_THRESHOLD,0.223,2003
44,RECO_DT_VUT_REF,YY_USTAR_PERCENTILE,36.25,2004
44,RECO_DT_VUT_REF,YY_USTAR_THRESHOLD,0.202625,2004
44,RECO_DT_VUT_REF,YY_USTAR_PERCENTILE,36.25,2005
44,RECO_DT_VUT_REF,YY_USTAR_THRESHOLD,0.189375,2005
44,RECO_DT_VUT_REF,YY_USTAR_PERCENTILE,36.25,2006
44,RECO_DT_VUT_REF,YY_USTAR_THRESHOLD,0.18125,2006
44,RECO_DT_VUT_REF,YY_USTAR_PERCENTILE,36.25,2007
44,RECO_DT_VUT_REF,YY_USTAR_THRESHOLD,0.141889,2007
44,RECO_DT_VUT_REF,YY_USTAR_PERCENTILE,36.25,2008
44,RECO_DT_VUT_REF,YY_USTAR_THRESHOLD,0.1714,2008
44,RECO_DT_VUT_REF,YY_USTAR_PERCENTILE,36.25,2009
44,RECO_DT_VUT_REF,YY_USTAR_THRESHOLD,0.1782,2009
44,RECO_DT_VUT_REF,YY_USTAR_PERCENTILE,36.25,2010
44,RECO_DT_VUT_REF,YY_USTAR_THRESHOLD,0.183,2010
44,RECO_DT_VUT_REF,YY_USTAR_PERCENTILE,36.25,2011
44,RECO_DT_VUT_REF,YY_USTAR_THRESHOLD,0.1745,2011
45,GPP_DT_CUT_REF,HH_USTAR_PERCENTILE,28.75,-9999
45,GPP_DT_CUT_REF,HH_USTAR_THRESHOLD,0.1814,-9999
46,GPP_DT_VUT_REF,HH_USTAR_PERCENTILE,31.25,2002
46,GPP_DT_VUT_REF,HH_USTAR_THRESHOLD,0.225371,2002
46,GPP_DT_VUT_REF,HH_USTAR_PERCENTILE,31.25,2003
46,GPP_DT_VUT_REF,HH_USTAR_THRESHOLD,0.2133,2003
46,GPP_DT_VUT_REF,HH_USTAR_PERCENTILE,31.25,2004
46,GPP_DT_VUT_REF,HH_USTAR_THRESHOLD,0.192819,2004
46,GPP_DT_VUT_REF,HH_USTAR_PERCENTILE,31.25,2005
46,GPP_DT_VUT_REF,HH_USTAR_THRESHOLD,0.18125,2005
46,GPP_DT_VUT_REF,HH_USTAR_PERCENTILE,31.25,2006
46,GPP_DT_VUT_REF,HH_USTAR_THRESHOLD,0.16775,2006
46,GPP_DT_VUT_REF,HH_USTAR_PERCENTILE,31.25,2007
46,GPP_DT_VUT_REF,HH_USTAR_THRESHOLD,0.1295,2007
46,GPP_DT_VUT_REF,HH_USTAR_PERCENTILE,31.25,2008
46,GPP_DT_VUT_REF,HH_USTAR_THRESHOLD,0.162,2008
46,GPP_DT_VUT_REF,HH_USTAR_PERCENTILE,31.25,2009
46,GPP_DT_VUT_REF,HH_USTAR_THRESHOLD,0.16425,2009
46,GPP_DT_VUT_REF,HH_USTAR_PERCENTILE,31.25,2010
46,GPP_DT_VUT_REF,HH_USTAR_THRESHOLD,0.1764,2010
46,GPP_DT_VUT_REF,HH_USTAR_PERCENTILE,31.25,2011
46,GPP_DT_VUT_REF,HH_USTAR_THRESHOLD,0.16875,2011
47,GPP_DT_CUT_REF,DD_USTAR_PERCENTILE,28.75,-9999
47,GPP_DT_CUT_REF,DD_USTAR_THRESHOLD,0.1814,-9999
48,GPP_DT_VUT_REF,DD_USTAR_PERCENTILE,28.75,2002
48,GPP_DT_VUT_REF,DD_USTAR_THRESHOLD,0.220125,2002
48,GPP_DT_VUT_REF,DD_USTAR_PERCENTILE,28.75,2003
48,GPP_DT_VUT_REF,DD_USTAR_THRESHOLD,0.209,2003
48,GPP_DT_VUT_REF,DD_USTAR_PERCENTILE,28.75,2004
48,GPP_DT_VUT_REF,DD_USTAR_THRESHOLD,0.187286,2004
48,GPP_DT_VUT_REF,DD_USTAR_PERCENTILE,28.75,2005
48,GPP_DT_VUT_REF,DD_USTAR_THRESHOLD,0.176125,2005
48,GPP_DT_VUT_REF,DD_USTAR_PERCENTILE,28.75,2006
48,GPP_DT_VUT_REF,DD_USTAR_THRESHOLD,0.155,2006
48,GPP_DT_VUT_REF,DD_USTAR_PERCENTILE,28.75,2007
48,GPP_DT_VUT_REF,DD_USTAR_THRESHOLD,0.127161,2007
48,GPP_DT_VUT_REF,DD_USTAR_PERCENTILE,28.75,2008
48,GPP_DT_VUT_REF,DD_USTAR_THRESHOLD,0.157087,2008
48,GPP_DT_VUT_REF,DD_USTAR_PERCENTILE,28.75,2009
48,GPP_DT_VUT_REF,DD_USTAR_THRESHOLD,0.1593,2009
48,GPP_DT_VUT_REF,DD_USTAR_PERCENTILE,28.75,2010
48,GPP_DT_VUT_REF,DD_USTAR_THRESHOLD,0.17225,2010
48,GPP_DT_VUT_REF,DD_USTAR_PERCENTILE,28.75,2011
48,GPP_DT_VUT_REF,DD_USTAR_THRESHOLD,0.1658,2011
49,GPP_DT_CUT_REF,WW_USTAR_PERCENTILE,28.75,-9999
49,GPP_DT_CUT_REF,WW_USTAR_THRESHOLD,0.1814,-9999
50,GPP_DT_VUT_REF,WW_USTAR_PERCENTILE,31.25,2002
50,GPP_DT_VUT_REF,WW_USTAR_THRESHOLD,0.225371,2002
50,GPP_DT_VUT_REF,WW_USTAR_PERCENTILE,31.25,2003
50,GPP_DT_VUT_REF,WW_USTAR_THRESHOLD,0.2133,2003
50,GPP_DT_VUT_REF,WW_USTAR_PERCENTILE,31.25,2004
50,GPP_DT_VUT_REF,WW_USTAR_THRESHOLD,0.192819,2004
50,GPP_DT_VUT_REF,WW_USTAR_PERCENTILE,31.25,2005
50,GPP_DT_VUT_REF,WW_USTAR_THRESHOLD,0.18125,2005
50,GPP_DT_VUT_REF,WW_USTAR_PERCENTILE,31.25,2006
50,GPP_DT_VUT_REF,WW_USTAR_THRESHOLD,0.16775,2006
50,GPP_DT_VUT_REF,WW_USTAR_PERCENTILE,31.25,2007
50,GPP_DT_VUT_REF,WW_USTAR_THRESHOLD,0.1295,2007
50,GPP_DT_VUT_REF,WW_USTAR_PERCENTILE,31.25,2008
50,GPP_DT_VUT_REF,WW_USTAR_THRESHOLD,0.162,2008
50,GPP_DT_VUT_REF,WW_USTAR_PERCENTILE,31.25,2009
50,GPP_DT_VUT_REF,WW_USTAR_THRESHOLD,0.16425,2009
50,GPP_DT_VUT_REF,WW_USTAR_PERCENTILE,31.25,2010
50,GPP_DT_VUT_REF,WW_USTAR_THRESHOLD,0.1764,2010
50,GPP_DT_VUT_REF,WW_USTAR_PERCENTILE,31.25,2011
50,GPP_DT_VUT_REF,WW_USTAR_THRESHOLD,0.16875,2011
51,GPP_DT_CUT_REF,MM_USTAR_PERCENTILE,28.75,-9999
51,GPP_DT_CUT_REF,MM_USTAR_THRESHOLD,0.1814,-9999
52,GPP_DT_VUT_REF,MM_USTAR_PERCENTILE,46.25,2002
52,GPP_DT_VUT_REF,MM_USTAR_THRESHOLD,0.247458,2002
52,GPP_DT_VUT_REF,MM_USTAR_PERCENTILE,46.25,2003
52,GPP_DT_VUT_REF,MM_USTAR_THRESHOLD,0.239,2003
52,GPP_DT_VUT_REF,MM_USTAR_PERCENTILE,46.25,2004
52,GPP_DT_VUT_REF,MM_USTAR_THRESHOLD,0.2234,2004
52,GPP_DT_VUT_REF,MM_USTAR_PERCENTILE,46.25,2005
52,GPP_DT_VUT_REF,MM_USTAR_THRESHOLD,0.21,2005
52,GPP_DT_VUT_REF,MM_USTAR_PERCENTILE,46.25,2006
52,GPP_DT_VUT_REF,MM_USTAR_THRESHOLD,0.203667,2006
52,GPP_DT_VUT_REF,MM_USTAR_PERCENTILE,46.25,2007
52,GPP_DT_VUT_REF,MM_USTAR_THRESHOLD,0.1455,2007
52,GPP_DT_VUT_REF,MM_USTAR_PERCENTILE,46.25,2008
52,GPP_DT_VUT_REF,MM_USTAR_THRESHOLD,0.184,2008
52,GPP_DT_VUT_REF,MM_USTAR_PERCENTILE,46.25,2009
52,GPP_DT_VUT_REF,MM_USTAR_THRESHOLD,0.192833,2009
52,GPP_DT_VUT_REF,MM_USTAR_PERCENTILE,46.25,2010
52,GPP_DT_VUT_REF,MM_USTAR_THRESHOLD,0.200375,2010
52,GPP_DT_VUT_REF,MM_USTAR_PERCENTILE,46.25,2011
52,GPP_DT_VUT_REF,MM_USTAR_THRESHOLD,0.189583,2011
53,GPP_DT_CUT_REF,YY_USTAR_PERCENTILE,28.75,-9999
53,GPP_DT_CUT_REF,YY_USTAR_THRESHOLD,0.1814,-9999
54,GPP_DT_VUT_REF,YY_USTAR_PERCENTILE,48.75,2002
54,GPP_DT_VUT_REF,YY_USTAR_THRESHOLD,0.251066,2002
54,GPP_DT_VUT_REF,YY_USTAR_PERCENTILE,48.75,2003
54,GPP_DT_VUT_REF,YY_USTAR_THRESHOLD,0.24225,2003
54,GPP_DT_VUT_REF,YY_USTAR_PERCENTILE,48.75,2004
54,GPP_DT_VUT_REF,YY_USTAR_THRESHOLD,0.22927,2004
54,GPP_DT_VUT_REF,YY_USTAR_PERCENTILE,48.75,2005
54,GPP_DT_VUT_REF,YY_USTAR_THRESHOLD,0.2156,2005
54,GPP_DT_VUT_REF,YY_USTAR_PERCENTILE,48.75,2006
54,GPP_DT_VUT_REF,YY_USTAR_THRESHOLD,0.2065,2006
54,GPP_DT_VUT_REF,YY_USTAR_PERCENTILE,48.75,2007
54,GPP_DT_VUT_REF,YY_USTAR_THRESHOLD,0.147778,2007
54,GPP_DT_VUT_REF,YY_USTAR_PERCENTILE,48.75,2008
54,GPP_DT_VUT_REF,YY_USTAR_THRESHOLD,0.186571,2008
54,GPP_DT_VUT_REF,YY_USTAR_PERCENTILE,48.75,2009
54,GPP_DT_VUT_REF,YY_USTAR_THRESHOLD,0.2035,2009
54,GPP_DT_VUT_REF,YY_USTAR_PERCENTILE,48.75,2010
54,GPP_DT_VUT_REF,YY_USTAR_THRESHOLD,0.208375,2010
54,GPP_DT_VUT_REF,YY_USTAR_PERCENTILE,48.75,2011
54,GPP_DT_VUT_REF,YY_USTAR_THRESHOLD,0.192857,2011
55,USTAR_CUT,USTAR_PERCENTILE,1.25,-9999
55,USTAR_CUT,USTAR_THRESHOLD,0.0708333,-9999
56,USTAR_CUT,USTAR_PERCENTILE,3.75,-9999
56,USTAR_CUT,USTAR_THRESHOLD,0.1015,-9999
57,USTAR_CUT,USTAR_PERCENTILE,6.25,-9999
57,USTAR_CUT,USTAR_THRESHOLD,0.1175,-9999
58,USTAR_CUT,USTAR_PERCENTILE,8.75,-9999
58,USTAR_CUT,USTAR_THRESHOLD,0.131843,-9999
59,USTAR_CUT,USTAR_PERCENTILE,11.25,-9999
59,USTAR_CUT,USTAR_THRESHOLD,0.139833,-9999
60,USTAR_CUT,USTAR_PERCENTILE,13.75,-9999
60,USTAR_CUT,USTAR_THRESHOLD,0.1459,-9999
61,USTAR_CUT,USTAR_PERCENTILE,16.25,-9999
61,USTAR_CUT,USTAR_THRESHOLD,0.152286,-9999
62,USTAR_CUT,USTAR_PERCENTILE,18.75,-9999
62,USTAR_CUT,USTAR_THRESHOLD,0.15845,-9999
63,USTAR_CUT,USTAR_PERCENTILE,21.25,-9999
63,USTAR_CUT,USTAR_THRESHOLD,0.164875,-9999
64,USTAR_CUT,USTAR_PERCENTILE,23.75,-9999
64,USTAR_CUT,USTAR_THRESHOLD,0.170857,-9999
65,USTAR_CUT,USTAR_PERCENTILE,26.25,-9999
65,USTAR_CUT,USTAR_THRESHOLD,0.17695,-9999
66,USTAR_CUT,USTAR_PERCENTILE,28.75,-9999
66,USTAR_CUT,USTAR_THRESHOLD,0.1814,-9999
67,USTAR_CUT,USTAR_PERCENTILE,31.25,-9999
67,USTAR_CUT,USTAR_THRESHOLD,0.184257,-9999
68,USTAR_CUT,USTAR_PERCENTILE,33.75,-9999
68,USTAR_CUT,USTAR_THRESHOLD,0.18725,-9999
69,USTAR_CUT,USTAR_PERCENTILE,36.25,-9999
69,USTAR_CUT,USTAR_THRESHOLD,0.1925,-9999
70,USTAR_CUT,USTAR_PERCENTILE,38.75,-9999
70,USTAR_CUT,USTAR_THRESHOLD,0.199357,-9999
71,USTAR_CUT,USTAR_PERCENTILE,41.25,-9999
71,USTAR_CUT,USTAR_THRESHOLD,0.203667,-9999
72,USTAR_CUT,USTAR_PERCENTILE,43.75,-9999
72,USTAR_CUT,USTAR_THRESHOLD,0.2105,-9999
73,USTAR_CUT,USTAR_PERCENTILE,46.25,-9999
73,USTAR_CUT,USTAR_THRESHOLD,0.216167,-9999
74,USTAR_CUT,USTAR_PERCENTILE,48.75,-9999
74,USTAR_CUT,USTAR_THRESHOLD,0.222583,-9999
75,USTAR_CUT,USTAR_PERCENTILE,50.00,-9999
75,USTAR_CUT,USTAR_THRESHOLD,0.225371,-9999
76,USTAR_CUT,USTAR_PERCENTILE,51.25,-9999
76,USTAR_CUT,USTAR_THRESHOLD,0.22927,-9999
77,USTAR_CUT,USTAR_PERCENTILE,53.75,-9999
77,USTAR_CUT,USTAR_THRESHOLD,0.234524,-9999
78,USTAR_CUT,USTAR_PERCENTILE,56.25,-9999
78,USTAR_CUT,USTAR_THRESHOLD,0.24,-9999
79,USTAR_CUT,USTAR_PERCENTILE,58.75,-9999
79,USTAR_CUT,USTAR_THRESHOLD,0.244547,-9999
80,USTAR_CUT,USTAR_PERCENTILE,61.25,-9999
80,USTAR_CUT,USTAR_THRESHOLD,0.248833,-9999
81,USTAR_CUT,USTAR_PERCENTILE,63.75,-9999
81,USTAR_CUT,USTAR_THRESHOLD,0.253556,-9999
82,USTAR_CUT,USTAR_PERCENTILE,66.25,-9999
82,USTAR_CUT,USTAR_THRESHOLD,0.257491,-9999
83,USTAR_CUT,USTAR_PERCENTILE,68.75,-9999
83,USTAR_CUT,USTAR_THRESHOLD,0.260762,-9999
84,USTAR_CUT,USTAR_PERCENTILE,71.25,-9999
84,USTAR_CUT,USTAR_THRESHOLD,0.265421,-9999
85,USTAR_CUT,USTAR_PERCENTILE,73.75,-9999
85,USTAR_CUT,USTAR_THRESHOLD,0.269111,-9999
86,USTAR_CUT,USTAR_PERCENTILE,76.25,-9999
86,USTAR_CUT,USTAR_THRESHOLD,0.272814,-9999
87,USTAR_CUT,USTAR_PERCENTILE,78.75,-9999
87,USTAR_CUT,USTAR_THRESHOLD,0.275445,-9999
88,USTAR_CUT,USTAR_PERCENTILE,81.25,-9999
88,USTAR_CUT,USTAR_THRESHOLD,0.278993,-9999
89,USTAR_CUT,USTAR_PERCENTILE,83.75,-9999
89,USTAR_CUT,USTAR_THRESHOLD,0.283232,-9999
90,USTAR_CUT,USTAR_PERCENTILE,86.25,-9999
90,USTAR_CUT,USTAR_THRESHOLD,0.286303,-9999
91,USTAR_CUT,USTAR_PERCENTILE,88.75,-9999
91,USTAR_CUT,USTAR_THRESHOLD,0.290071,-9999
92,USTAR_CUT,USTAR_PERCENTILE,91.25,-9999
92,USTAR_CUT,USTAR_THRESHOLD,0.296063,-9999
93,USTAR_CUT,USTAR_PERCENTILE,93.75,-9999
93,USTAR_CUT,USTAR_THRESHOLD,0.304611,-9999
94,USTAR_CUT,USTAR_PERCENTILE,96.25,-9999
94,USTAR_CUT,USTAR_THRESHOLD,0.312983,-9999
95,USTAR_CUT,USTAR_PERCENTILE,98.75,-9999
95,USTAR_CUT,USTAR_THRESHOLD,0.332644,-9999
96,USTAR_VUT,USTAR_PERCENTILE,1.25,2002
96,USTAR_VUT,USTAR_THRESHOLD,0.1518,2002
97,USTAR_VUT,USTAR_PERCENTILE,3.75,2002
97,USTAR_VUT,USTAR_THRESHOLD,0.1615,2002
98,USTAR_VUT,USTAR_PERCENTILE,6.25,2002
98,USTAR_VUT,USTAR_THRESHOLD,0.1768,2002
99,USTAR_VUT,USTAR_PERCENTILE,8.75,2002
99,USTAR_VUT,USTAR_THRESHOLD,0.1834,2002
100,USTAR_VUT,USTAR_PERCENTILE,11.25,2002
100,USTAR_VUT,USTAR_THRESHOLD,0.186625,2002
101,USTAR_VUT,USTAR_PERCENTILE,13.75,2002
101,USTAR_VUT,USTAR_THRESHOLD,0.1928,2002
102,USTAR_VUT,USTAR_PERCENTILE,16.25,2002
102,USTAR_VUT,USTAR_THRESHOLD,0.1986,2002
103,USTAR_VUT,USTAR_PERCENTILE,18.75,2002
103,USTAR_VUT,USTAR_THRESHOLD,0.201667,2002
104,USTAR_VUT,USTAR_PERCENTILE,21.25,2002
104,USTAR_VUT,USTAR_THRESHOLD,0.208125,2002
105,USTAR_VUT,USTAR_PERCENTILE,23.75,2002
105,USTAR_VUT,USTAR_THRESHOLD,0.2128,2002
106,USTAR_VUT,USTAR_PERCENTILE,26.25,2002
106,USTAR_VUT,USTAR_THRESHOLD,0.2162,2002
107,USTAR_VUT,USTAR_PERCENTILE,28.75,2002
107,USTAR_VUT,USTAR_THRESHOLD,0.220125,2002
108,USTAR_VUT,USTAR_PERCENTILE,31.25,2002
108,USTAR_VUT,USTAR_THRESHOLD,0.225371,2002
109,USTAR_VUT,USTAR_PERCENTILE,33.75,2002
109,USTAR_VUT,USTAR_THRESHOLD,0.230633,2002
110,USTAR_VUT,USTAR_PERCENTILE,36.25,2002
110,USTAR_VUT,USTAR_THRESHOLD,0.23359,2002
111,USTAR_VUT,USTAR_PERCENTILE,38.75,2002
111,USTAR_VUT,USTAR_THRESHOLD,0.238753,2002
112,USTAR_VUT,USTAR_PERCENTILE,41.25,2002
112,USTAR_VUT,USTAR_THRESHOLD,0.240954,2002
113,USTAR_VUT,USTAR_PERCENTILE,43.75,2002
113,USTAR_VUT,USTAR_THRESHOLD,0.244143,2002
114,USTAR_VUT,USTAR_PERCENTILE,46.25,2002
114,USTAR_VUT,USTAR_THRESHOLD,0.247458,2002
115,USTAR_VUT,USTAR_PERCENTILE,48.75,2002
115,USTAR_VUT,USTAR_THRESHOLD,0.251066,2002
116,USTAR_VUT,USTAR_PERCENTILE,50.00,2002
116,USTAR_VUT,USTAR_THRESHOLD,0.253556,2002
117,USTAR_VUT,USTAR_PERCENTILE,51.25,2002
117,USTAR_VUT,USTAR_THRESHOLD,0.255875,2002
118,USTAR_VUT,USTAR_PERCENTILE,53.75,2002
118,USTAR_VUT,USTAR_THRESHOLD,0.258714,2002
119,USTAR_VUT,USTAR_PERCENTILE,56.25,2002
119,USTAR_VUT,USTAR_THRESHOLD,0.262723,2002
120,USTAR_VUT,USTAR_PERCENTILE,58.75,2002
120,USTAR_VUT,USTAR_THRESHOLD,0.265694,2002
121,USTAR_VUT,USTAR_PERCENTILE,61.25,2002
121,USTAR_VUT,USTAR_THRESHOLD,0.268857,2002
122,USTAR_VUT,USTAR_PERCENTILE,63.75,2002
122,USTAR_VUT,USTAR_THRESHOLD,0.270865,2002
123,USTAR_VUT,USTAR_PERCENTILE,66.25,2002
123,USTAR_VUT,USTAR_THRESHOLD,0.273012,2002
124,USTAR_VUT,USTAR_PERCENTILE,68.75,2002
124,USTAR_VUT,USTAR_THRESHOLD,0.275633,2002
125,USTAR_VUT,USTAR_PERCENTILE,71.25,2002
125,USTAR_VUT,USTAR_THRESHOLD,0.278912,2002
126,USTAR_VUT,USTAR_PERCENTILE,73.75,2002
126,USTAR_VUT,USTAR_THRESHOLD,0.282759,2002
127,USTAR_VUT,USTAR_PERCENTILE,76.25,2002
127,USTAR_VUT,USTAR_THRESHOLD,0.285007,2002
128,USTAR_VUT,USTAR_PERCENTILE,78.75,2002
128,USTAR_VUT,USTAR_THRESHOLD,0.287204,2002
129,USTAR_VUT,USTAR_PERCENTILE,81.25,2002
129,USTAR_VUT,USTAR_THRESHOLD,0.2889,2002
130,USTAR_VUT,USTAR_PERCENTILE,83.75,2002
130,USTAR_VUT,USTAR_THRESHOLD,0.292796,2002
131,USTAR_VUT,USTAR_PERCENTILE,86.25,2002
131,USTAR_VUT,USTAR_THRESHOLD,0.297857,2002
132,USTAR_VUT,USTAR_PERCENTILE,88.75,2002
132,USTAR_VUT,USTAR_THRESHOLD,0.301176,2002
133,USTAR_VUT,USTAR_PERCENTILE,91.25,2002
133,USTAR_VUT,USTAR_THRESHOLD,0.306163,2002
134,USTAR_VUT,USTAR_PERCENTILE,93.75,2002
134,USTAR_VUT,USTAR_THRESHOLD,0.316286,2002
135,USTAR_VUT,USTAR_PERCENTILE,96.25,2002
135,USTAR_VUT,USTAR_THRESHOLD,0.328608,2002
136,USTAR_VUT,USTAR_PERCENTILE,98.75,2002
136,USTAR_VUT,USTAR_THRESHOLD,0.340602,2002
137,USTAR_VUT,USTAR_PERCENTILE,1.25,2003
137,USTAR_VUT,USTAR_THRESHOLD,0.127725,2003
138,USTAR_VUT,USTAR_PERCENTILE,3.75,2003
138,USTAR_VUT,USTAR_THRESHOLD,0.148857,2003
139,USTAR_VUT,USTAR_PERCENTILE,6.25,2003
139,USTAR_VUT,USTAR_THRESHOLD,0.157,2003
140,USTAR_VUT,USTAR_PERCENTILE,8.75,2003
140,USTAR_VUT,USTAR_THRESHOLD,0.1645,2003
141,USTAR_VUT,USTAR_PERCENTILE,11.25,2003
141,USTAR_VUT,USTAR_THRESHOLD,0.173378,2003
142,USTAR_VUT,USTAR_PERCENTILE,13.75,2003
142,USTAR_VUT,USTAR_THRESHOLD,0.181452,2003
143,USTAR_VUT,USTAR_PERCENTILE,16.25,2003
143,USTAR_VUT,USTAR_THRESHOLD,0.184833,2003
144,USTAR_VUT,USTAR_PERCENTILE,18.75,2003
144,USTAR_VUT,USTAR_THRESHOLD,0.187714,2003
145,USTAR_VUT,USTAR_PERCENTILE,21.25,2003
145,USTAR_VUT,USTAR_THRESHOLD,0.194875,2003
146,USTAR_VUT,USTAR_PERCENTILE,23.75,2003
146,USTAR_VUT,USTAR_THRESHOLD,0.19906,2003
147,USTAR_VUT,USTAR_PERCENTILE,26.25,2003
147,USTAR_VUT,USTAR_THRESHOLD,0.202821,2003
148,USTAR_VUT,USTAR_PERCENTILE,28.75,2003
148,USTAR_VUT,USTAR_THRESHOLD,0.209,2003
149,USTAR_VUT,USTAR_PERCENTILE,31.25,2003
149,USTAR_VUT,USTAR_THRESHOLD,0.2133,2003
150,USTAR_VUT,USTAR_PERCENTILE,33.75,2003
150,USTAR_VUT,USTAR_THRESHOLD,0.2183,2003
151,USTAR_VUT,USTAR_PERCENTILE,36.25,2003
151,USTAR_VUT,USTAR_THRESHOLD,0.223,2003
152,USTAR_VUT,USTAR_PERCENTILE,38.75,2003
152,USTAR_VUT,USTAR_THRESHOLD,0.228104,2003
153,USTAR_VUT,USTAR_PERCENTILE,41.25,2003
153,USTAR_VUT,USTAR_THRESHOLD,0.232312,2003
154,USTAR_VUT,USTAR_PERCENTILE,43.75,2003
154,USTAR_VUT,USTAR_THRESHOLD,0.235168,2003
155,USTAR_VUT,USTAR_PERCENTILE,46.25,2003
155,USTAR_VUT,USTAR_THRESHOLD,0.239,2003
156,USTAR_VUT,USTAR_PERCENTILE,48.75,2003
156,USTAR_VUT,USTAR_THRESHOLD,0.24225,2003
157,USTAR_VUT,USTAR_PERCENTILE,50.00,2003
157,USTAR_VUT,USTAR_THRESHOLD,0.2446,2003
158,USTAR_VUT,USTAR_PERCENTILE,51.25,2003
158,USTAR_VUT,USTAR_THRESHOLD,0.246317,2003
159,USTAR_VUT,USTAR_PERCENTILE,53.75,2003
159,USTAR_VUT,USTAR_THRESHOLD,0.249583,2003
160,USTAR_VUT,USTAR_PERCENTILE,56.25,2003
160,USTAR_VUT,USTAR_THRESHOLD,0.254122,2003
161,USTAR_VUT,USTAR_PERCENTILE,58.75,2003
161,USTAR_VUT,USTAR_THRESHOLD,0.257025,2003
162,USTAR_VUT,USTAR_PERCENTILE,61.25,2003
162,USTAR_VUT,USTAR_THRESHOLD,0.260031,2003
163,USTAR_VUT,USTAR_PERCENTILE,63.75,2003
163,USTAR_VUT,USTAR_THRESHOLD,0.264667,2003
164,USTAR_VUT,USTAR_PERCENTILE,66.25,2003
164,USTAR_VUT,USTAR_THRESHOLD,0.267783,2003
165,USTAR_VUT,USTAR_PERCENTILE,68.75,2003
165,USTAR_VUT,USTAR_THRESHOLD,0.269824,2003
166,USTAR_VUT,USTAR_PERCENTILE,71.25,2003
166,USTAR_VUT,USTAR_THRESHOLD,0.272275,2003
167,USTAR_VUT,USTAR_PERCENTILE,73.75,2003
167,USTAR_VUT,USTAR_THRESHOLD,0.27381,2003
168,USTAR_VUT,USTAR_PERCENTILE,76.25,2003
168,USTAR_VUT,USTAR_THRESHOLD,0.277698,2003
169,USTAR_VUT,USTAR_PERCENTILE,78.75,2003
169,USTAR_VUT,USTAR_THRESHOLD,0.281635,2003
170,USTAR_VUT,USTAR_PERCENTILE,81.25,2003
170,USTAR_VUT,USTAR_THRESHOLD,0.283835,2003
171,USTAR_VUT,USTAR_PERCENTILE,83.75,2003
171,USTAR_VUT,USTAR_THRESHOLD,0.286833,2003
172,USTAR_VUT,USTAR_PERCENTILE,86.25,2003
172,USTAR_VUT,USTAR_THRESHOLD,0.289658,2003
173,USTAR_VUT,USTAR_PERCENTILE,88.75,2003
173,USTAR_VUT,USTAR_THRESHOLD,0.294741,2003
174,USTAR_VUT,USTAR_PERCENTILE,91.25,2003
174,USTAR_VUT,USTAR_THRESHOLD,0.300088,2003
175,USTAR_VUT,USTAR_PERCENTILE,93.75,2003
175,USTAR_VUT,USTAR_THRESHOLD,0.306639,2003
176,USTAR_VUT,USTAR_PERCENTILE,96.25,2003
176,USTAR_VUT,USTAR_THRESHOLD,0.318617,2003
177,USTAR_VUT,USTAR_PERCENTILE,98.75,2003
177,USTAR_VUT,USTAR_THRESHOLD,0.336537,2003
178,USTAR_VUT,USTAR_PERCENTILE,1.25,2004
178,USTAR_VUT,USTAR_THRESHOLD,0.1015,2004
179,USTAR_VUT,USTAR_PERCENTILE,3.75,2004
179,USTAR_VUT,USTAR_THRESHOLD,0.1166,2004
180,USTAR_VUT,USTAR_PERCENTILE,6.25,2004
180,USTAR_VUT,USTAR_THRESHOLD,0.126778,2004
181,USTAR_VUT,USTAR_PERCENTILE,8.75,2004
181,USTAR_VUT,USTAR_THRESHOLD,0.136583,2004
182,USTAR_VUT,USTAR_PERCENTILE,11.25,2004
182,USTAR_VUT,USTAR_THRESHOLD,0.145288,2004
183,USTAR_VUT,USTAR_PERCENTILE,13.75,2004
183,USTAR_VUT,USTAR_THRESHOLD,0.1532,2004
184,USTAR_VUT,USTAR_PERCENTILE,16.25,2004
184,USTAR_VUT,USTAR_THRESHOLD,0.1585,2004
185,USTAR_VUT,USTAR_PERCENTILE,18.75,2004
185,USTAR_VUT,USTAR_THRESHOLD,0.167929,2004
186,USTAR_VUT,USTAR_PERCENTILE,21.25,2004
186,USTAR_VUT,USTAR_THRESHOLD,0.176125,2004
187,USTAR_VUT,USTAR_PERCENTILE,23.75,2004
187,USTAR_VUT,USTAR_THRESHOLD,0.181433,2004
188,USTAR_VUT,USTAR_PERCENTILE,26.25,2004
188,USTAR_VUT,USTAR_THRESHOLD,0.184429,2004
189,USTAR_VUT,USTAR_PERCENTILE,28.75,2004
189,USTAR_VUT,USTAR_THRESHOLD,0.187286,2004
190,USTAR_VUT,USTAR_PERCENTILE,31.25,2004
190,USTAR_VUT,USTAR_THRESHOLD,0.192819,2004
191,USTAR_VUT,USTAR_PERCENTILE,33.75,2004
191,USTAR_VUT,USTAR_THRESHOLD,0.198107,2004
192,USTAR_VUT,USTAR_PERCENTILE,36.25,2004
192,USTAR_VUT,USTAR_THRESHOLD,0.202625,2004
193,USTAR_VUT,USTAR_PERCENTILE,38.75,2004
193,USTAR_VUT,USTAR_THRESHOLD,0.206063,2004
194,USTAR_VUT,USTAR_PERCENTILE,41.25,2004
194,USTAR_VUT,USTAR_THRESHOLD,0.211,2004
195,USTAR_VUT,USTAR_PERCENTILE,43.75,2004
195,USTAR_VUT,USTAR_THRESHOLD,0.217833,2004
196,USTAR_VUT,USTAR_PERCENTILE,46.25,2004
196,USTAR_VUT,USTAR_THRESHOLD,0.2234,2004
197,USTAR_VUT,USTAR_PERCENTILE,48.75,2004
197,USTAR_VUT,USTAR_THRESHOLD,0.22927,2004
198,USTAR_VUT,USTAR_PERCENTILE,50.00,2004
198,USTAR_VUT,USTAR_THRESHOLD,0.23233,2004
199,USTAR_VUT,USTAR_PERCENTILE,51.25,2004
199,USTAR_VUT,USTAR_THRESHOLD,0.23359,2004
200,USTAR_VUT,USTAR_PERCENTILE,53.75,2004
200,USTAR_VUT,USTAR_THRESHOLD,0.237,2004
201,USTAR_VUT,USTAR_PERCENTILE,56.25,2004
201,USTAR_VUT,USTAR_THRESHOLD,0.240333,2004
202,USTAR_VUT,USTAR_PERCENTILE,58.75,2004
202,USTAR_VUT,USTAR_THRESHOLD,0.244547,2004
203,USTAR_VUT,USTAR_PERCENTILE,61.25,2004
203,USTAR_VUT,USTAR_THRESHOLD,0.247994,2004
204,USTAR_VUT,USTAR_PERCENTILE,63.75,2004
204,USTAR_VUT,USTAR_THRESHOLD,0.252189,2004
205,USTAR_VUT,USTAR_PERCENTILE,66.25,2004
205,USTAR_VUT,USTAR_THRESHOLD,0.25524,2004
206,USTAR_VUT,USTAR_PERCENTILE,68.75,2004
206,USTAR_VUT,USTAR_THRESHOLD,0.259194,2004
207,USTAR_VUT,USTAR_PERCENTILE,71.25,2004
207,USTAR_VUT,USTAR_THRESHOLD,0.263044,2004
208,USTAR_VUT,USTAR_PERCENTILE,73.75,2004
208,USTAR_VUT,USTAR_THRESHOLD,0.265694,2004
209,USTAR_VUT,USTAR_PERCENTILE,76.25,2004
209,USTAR_VUT,USTAR_THRESHOLD,0.269111,2004
210,USTAR_VUT,USTAR_PERCENTILE,78.75,2004
210,USTAR_VUT,USTAR_THRESHOLD,0.272275,2004
211,USTAR_VUT,USTAR_PERCENTILE,81.25,2004
211,USTAR_VUT,USTAR_THRESHOLD,0.274096,2004
212,USTAR_VUT,USTAR_PERCENTILE,83.75,2004
212,USTAR_VUT,USTAR_THRESHOLD,0.278908,2004
213,USTAR_VUT,USTAR_PERCENTILE,86.25,2004
213,USTAR_VUT,USTAR_THRESHOLD,0.282936,2004
214,USTAR_VUT,USTAR_PERCENTILE,88.75,2004
214,USTAR_VUT,USTAR_THRESHOLD,0.286304,2004
215,USTAR_VUT,USTAR_PERCENTILE,91.25,2004
215,USTAR_VUT,USTAR_THRESHOLD,0.289506,2004
216,USTAR_VUT,USTAR_PERCENTILE,93.75,2004
216,USTAR_VUT,USTAR_THRESHOLD,0.297857,2004
217,USTAR_VUT,USTAR_PERCENTILE,96.25,2004
217,USTAR_VUT,USTAR_THRESHOLD,0.311024,2004
218,USTAR_VUT,USTAR_PERCENTILE,98.75,2004
218,USTAR_VUT,USTAR_THRESHOLD,0.322941,2004
219,USTAR_VUT,USTAR_PERCENTILE,1.25,2005
219,USTAR_VUT,USTAR_THRESHOLD,0.0994,2005
220,USTAR_VUT,USTAR_PERCENTILE,3.75,2005
220,USTAR_VUT,USTAR_THRESHOLD,0.107625,2005
221,USTAR_VUT,USTAR_PERCENTILE,6.25,2005
221,USTAR_VUT,USTAR_THRESHOLD,0.119,2005
222,USTAR_VUT,USTAR_PERCENTILE,8.75,2005
222,USTAR_VUT,USTAR_THRESHOLD,0.123383,2005
223,USTAR_VUT,USTAR_PERCENTILE,11.25,2005
223,USTAR_VUT,USTAR_THRESHOLD,0.131843,2005
224,USTAR_VUT,USTAR_PERCENTILE,13.75,2005
224,USTAR_VUT,USTAR_THRESHOLD,0.139325,2005
225,USTAR_VUT,USTAR_PERCENTILE,16.25,2005
225,USTAR_VUT,USTAR_THRESHOLD,0.144713,2005
226,USTAR_VUT,USTAR_PERCENTILE,18.75,2005
226,USTAR_VUT,USTAR_THRESHOLD,0.152,2005
227,USTAR_VUT,USTAR_PERCENTILE,21.25,2005
227,USTAR_VUT,USTAR_THRESHOLD,0.155,2005
228,USTAR_VUT,USTAR_PERCENTILE,23.75,2005
228,USTAR_VUT,USTAR_THRESHOLD,0.162971,2005
229,USTAR_VUT,USTAR_PERCENTILE,26.25,2005
229,USTAR_VUT,USTAR_THRESHOLD,0.1696,2005
230,USTAR_VUT,USTAR_PERCENTILE,28.75,2005
230,USTAR_VUT,USTAR_THRESHOLD,0.176125,2005
231,USTAR_VUT,USTAR_PERCENTILE,31.25,2005
231,USTAR_VUT,USTAR_THRESHOLD,0.18125,2005
232,USTAR_VUT,USTAR_PERCENTILE,33.75,2005
232,USTAR_VUT,USTAR_THRESHOLD,0.184257,2005
233,USTAR_VUT,USTAR_PERCENTILE,36.25,2005
233,USTAR_VUT,USTAR_THRESHOLD,0.189375,2005
234,USTAR_VUT,USTAR_PERCENTILE,38.75,2005
234,USTAR_VUT,USTAR_THRESHOLD,0.1942,2005
235,USTAR_VUT,USTAR_PERCENTILE,41.25,2005
235,USTAR_VUT,USTAR_THRESHOLD,0.200857,2005
236,USTAR_VUT,USTAR_PERCENTILE,43.75,2005
236,USTAR_VUT,USTAR_THRESHOLD,0.203458,2005
237,USTAR_VUT,USTAR_PERCENTILE,46.25,2005
237,USTAR_VUT,USTAR_THRESHOLD,0.21,2005
238,USTAR_VUT,USTAR_PERCENTILE,48.75,2005
238,USTAR_VUT,USTAR_THRESHOLD,0.2156,2005
239,USTAR_VUT,USTAR_PERCENTILE,50.00,2005
239,USTAR_VUT,USTAR_THRESHOLD,0.220857,2005
240,USTAR_VUT,USTAR_PERCENTILE,51.25,2005
240,USTAR_VUT,USTAR_THRESHOLD,0.2234,2005
241,USTAR_VUT,USTAR_PERCENTILE,53.75,2005
241,USTAR_VUT,USTAR_THRESHOLD,0.227186,2005
242,USTAR_VUT,USTAR_PERCENTILE,56.25,2005
242,USTAR_VUT,USTAR_THRESHOLD,0.23334,2005
243,USTAR_VUT,USTAR_PERCENTILE,58.75,2005
243,USTAR_VUT,USTAR_THRESHOLD,0.235638,2005
244,USTAR_VUT,USTAR_PERCENTILE,61.25,2005
244,USTAR_VUT,USTAR_THRESHOLD,0.2402,2005
245,USTAR_VUT,USTAR_PERCENTILE,63.75,2005
245,USTAR_VUT,USTAR_THRESHOLD,0.244547,2005
246,USTAR_VUT,USTAR_PERCENTILE,66.25,2005
246,USTAR_VUT,USTAR_THRESHOLD,0.247994,2005
247,USTAR_VUT,USTAR_PERCENTILE,68.75,2005
247,USTAR_VUT,USTAR_THRESHOLD,0.252117,2005
248,USTAR_VUT,USTAR_PERCENTILE,71.25,2005
248,USTAR_VUT,USTAR_THRESHOLD,0.254987,2005
249,USTAR_VUT,USTAR_PERCENTILE,73.75,2005
249,USTAR_VUT,USTAR_THRESHOLD,0.258573,2005
250,USTAR_VUT,USTAR_PERCENTILE,76.25,2005
250,USTAR_VUT,USTAR_THRESHOLD,0.262323,2005
251,USTAR_VUT,USTAR_PERCENTILE,78.75,2005
251,USTAR_VUT,USTAR_THRESHOLD,0.265329,2005
252,USTAR_VUT,USTAR_PERCENTILE,81.25,2005
252,USTAR_VUT,USTAR_THRESHOLD,0.269111,2005
253,USTAR_VUT,USTAR_PERCENTILE,83.75,2005
253,USTAR_VUT,USTAR_THRESHOLD,0.272826,2005
254,USTAR_VUT,USTAR_PERCENTILE,86.25,2005
254,USTAR_VUT,USTAR_THRESHOLD,0.275095,2005
255,USTAR_VUT,USTAR_PERCENTILE,88.75,2005
255,USTAR_VUT,USTAR_THRESHOLD,0.279975,2005
256,USTAR_VUT,USTAR_PERCENTILE,91.25,2005
256,USTAR_VUT,USTAR_THRESHOLD,0.284628,2005
257,USTAR_VUT,USTAR_PERCENTILE,93.75,2005
257,USTAR_VUT,USTAR_THRESHOLD,0.289788,2005
258,USTAR_VUT,USTAR_PERCENTILE,96.25,2005
258,USTAR_VUT,USTAR_THRESHOLD,0.306639,2005
259,USTAR_VUT,USTAR_PERCENTILE,98.75,2005
259,USTAR_VUT,USTAR_THRESHOLD,0.31444,2005
260,USTAR_VUT,USTAR_PERCENTILE,1.25,2006
260,USTAR_VUT,USTAR_THRESHOLD,0.0994,2006
261,USTAR_VUT,USTAR_PERCENTILE,3.75,2006
261,USTAR_VUT,USTAR_THRESHOLD,0.103967,2006
262,USTAR_VUT,USTAR_PERCENTILE,6.25,2006
262,USTAR_VUT,USTAR_THRESHOLD,0.107625,2006
263,USTAR_VUT,USTAR_PERCENTILE,8.75,2006
263,USTAR_VUT,USTAR_THRESHOLD,0.1161,2006
264,USTAR_VUT,USTAR_PERCENTILE,11.25,2006
264,USTAR_VUT,USTAR_THRESHOLD,0.119086,2006
265,USTAR_VUT,USTAR_PERCENTILE,13.75,2006
265,USTAR_VUT,USTAR_THRESHOLD,0.122,2006
266,USTAR_VUT,USTAR_PERCENTILE,16.25,2006
266,USTAR_VUT,USTAR_THRESHOLD,0.1294,2006
267,USTAR_VUT,USTAR_PERCENTILE,18.75,2006
267,USTAR_VUT,USTAR_THRESHOLD,0.134208,2006
268,USTAR_VUT,USTAR_PERCENTILE,21.25,2006
268,USTAR_VUT,USTAR_THRESHOLD,0.139833,2006
269,USTAR_VUT,USTAR_PERCENTILE,23.75,2006
269,USTAR_VUT,USTAR_THRESHOLD,0.145833,2006
270,USTAR_VUT,USTAR_PERCENTILE,26.25,2006
270,USTAR_VUT,USTAR_THRESHOLD,0.148067,2006
271,USTAR_VUT,USTAR_PERCENTILE,28.75,2006
271,USTAR_VUT,USTAR_THRESHOLD,0.155,2006
272,USTAR_VUT,USTAR_PERCENTILE,31.25,2006
272,USTAR_VUT,USTAR_THRESHOLD,0.16775,2006
273,USTAR_VUT,USTAR_PERCENTILE,33.75,2006
273,USTAR_VUT,USTAR_THRESHOLD,0.177375,2006
274,USTAR_VUT,USTAR_PERCENTILE,36.25,2006
274,USTAR_VUT,USTAR_THRESHOLD,0.18125,2006
275,USTAR_VUT,USTAR_PERCENTILE,38.75,2006
275,USTAR_VUT,USTAR_THRESHOLD,0.1828,2006
276,USTAR_VUT,USTAR_PERCENTILE,41.25,2006
276,USTAR_VUT,USTAR_THRESHOLD,0.192286,2006
277,USTAR_VUT,USTAR_PERCENTILE,43.75,2006
277,USTAR_VUT,USTAR_THRESHOLD,0.201,2006
278,USTAR_VUT,USTAR_PERCENTILE,46.25,2006
278,USTAR_VUT,USTAR_THRESHOLD,0.203667,2006
279,USTAR_VUT,USTAR_PERCENTILE,48.75,2006
279,USTAR_VUT,USTAR_THRESHOLD,0.2065,2006
280,USTAR_VUT,USTAR_PERCENTILE,50.00,2006
280,USTAR_VUT,USTAR_THRESHOLD,0.2111,2006
281,USTAR_VUT,USTAR_PERCENTILE,51.25,2006
281,USTAR_VUT,USTAR_THRESHOLD,0.2156,2006
282,USTAR_VUT,USTAR_PERCENTILE,53.75,2006
282,USTAR_VUT,USTAR_THRESHOLD,0.223667,2006
283,USTAR_VUT,USTAR_PERCENTILE,56.25,2006
283,USTAR_VUT,USTAR_THRESHOLD,0.231778,2006
284,USTAR_VUT,USTAR_PERCENTILE,58.75,2006
284,USTAR_VUT,USTAR_THRESHOLD,0.233876,2006
285,USTAR_VUT,USTAR_PERCENTILE,61.25,2006
285,USTAR_VUT,USTAR_THRESHOLD,0.238366,2006
286,USTAR_VUT,USTAR_PERCENTILE,63.75,2006
286,USTAR_VUT,USTAR_THRESHOLD,0.242064,2006
287,USTAR_VUT,USTAR_PERCENTILE,66.25,2006
287,USTAR_VUT,USTAR_THRESHOLD,0.245808,2006
288,USTAR_VUT,USTAR_PERCENTILE,68.75,2006
288,USTAR_VUT,USTAR_THRESHOLD,0.248595,2006
289,USTAR_VUT,USTAR_PERCENTILE,71.25,2006
289,USTAR_VUT,USTAR_THRESHOLD,0.252552,2006
290,USTAR_VUT,USTAR_PERCENTILE,73.75,2006
290,USTAR_VUT,USTAR_THRESHOLD,0.25501,2006
291,USTAR_VUT,USTAR_PERCENTILE,76.25,2006
291,USTAR_VUT,USTAR_THRESHOLD,0.259489,2006
292,USTAR_VUT,USTAR_PERCENTILE,78.75,2006
292,USTAR_VUT,USTAR_THRESHOLD,0.263917,2006
293,USTAR_VUT,USTAR_PERCENTILE,81.25,2006
293,USTAR_VUT,USTAR_THRESHOLD,0.268631,2006
294,USTAR_VUT,USTAR_PERCENTILE,83.75,2006
294,USTAR_VUT,USTAR_THRESHOLD,0.274002,2006
295,USTAR_VUT,USTAR_PERCENTILE,86.25,2006
295,USTAR_VUT,USTAR_THRESHOLD,0.279378,2006
296,USTAR_VUT,USTAR_PERCENTILE,88.75,2006
296,USTAR_VUT,USTAR_THRESHOLD,0.284319,2006
297,USTAR_VUT,USTAR_PERCENTILE,91.25,2006
297,USTAR_VUT,USTAR_THRESHOLD,0.290827,2006
298,USTAR_VUT,USTAR_PERCENTILE,93.75,2006
298,USTAR_VUT,USTAR_THRESHOLD,0.306858,2006
299,USTAR_VUT,USTAR_PERCENTILE,96.25,2006
299,USTAR_VUT,USTAR_THRESHOLD,0.312906,2006
300,USTAR_VUT,USTAR_PERCENTILE,98.75,2006
300,USTAR_VUT,USTAR_THRESHOLD,0.317875,2006
301,USTAR_VUT,USTAR_PERCENTILE,1.25,2007
301,USTAR_VUT,USTAR_THRESHOLD,0.022625,2007
302,USTAR_VUT,USTAR_PERCENTILE,3.75,2007
302,USTAR_VUT,USTAR_THRESHOLD,0.0556,2007
303,USTAR_VUT,USTAR_PERCENTILE,6.25,2007
303,USTAR_VUT,USTAR_THRESHOLD,0.0615238,2007
304,USTAR_VUT,USTAR_PERCENTILE,8.75,2007
304,USTAR_VUT,USTAR_THRESHOLD,0.0789167,2007
305,USTAR_VUT,USTAR_PERCENTILE,11.25,2007
305,USTAR_VUT,USTAR_THRESHOLD,0.0852143,2007
306,USTAR_VUT,USTAR_PERCENTILE,13.75,2007
306,USTAR_VUT,USTAR_THRESHOLD,0.095,2007
307,USTAR_VUT,USTAR_PERCENTILE,16.25,2007
307,USTAR_VUT,USTAR_THRESHOLD,0.100659,2007
308,USTAR_VUT,USTAR_PERCENTILE,18.75,2007
308,USTAR_VUT,USTAR_THRESHOLD,0.107571,2007
309,USTAR_VUT,USTAR_PERCENTILE,21.25,2007
309,USTAR_VUT,USTAR_THRESHOLD,0.109833,2007
310,USTAR_VUT,USTAR_PERCENTILE,23.75,2007
310,USTAR_VUT,USTAR_THRESHOLD,0.113667,2007
311,USTAR_VUT,USTAR_PERCENTILE,26.25,2007
311,USTAR_VUT,USTAR_THRESHOLD,0.116067,2007
312,USTAR_VUT,USTAR_PERCENTILE,28.75,2007
312,USTAR_VUT,USTAR_THRESHOLD,0.127161,2007
313,USTAR_VUT,USTAR_PERCENTILE,31.25,2007
313,USTAR_VUT,USTAR_THRESHOLD,0.1295,2007
314,USTAR_VUT,USTAR_PERCENTILE,33.75,2007
314,USTAR_VUT,USTAR_THRESHOLD,0.140625,2007
315,USTAR_VUT,USTAR_PERCENTILE,36.25,2007
315,USTAR_VUT,USTAR_THRESHOLD,0.141889,2007
316,USTAR_VUT,USTAR_PERCENTILE,38.75,2007
316,USTAR_VUT,USTAR_THRESHOLD,0.1446,2007
317,USTAR_VUT,USTAR_PERCENTILE,41.25,2007
317,USTAR_VUT,USTAR_THRESHOLD,0.144857,2007
318,USTAR_VUT,USTAR_PERCENTILE,43.75,2007
318,USTAR_VUT,USTAR_THRESHOLD,0.145,2007
319,USTAR_VUT,USTAR_PERCENTILE,46.25,2007
319,USTAR_VUT,USTAR_THRESHOLD,0.1455,2007
320,USTAR_VUT,USTAR_PERCENTILE,48.75,2007
320,USTAR_VUT,USTAR_THRESHOLD,0.147778,2007
321,USTAR_VUT,USTAR_PERCENTILE,50.00,2007
321,USTAR_VUT,USTAR_THRESHOLD,0.148143,2007
322,USTAR_VUT,USTAR_PERCENTILE,51.25,2007
322,USTAR_VUT,USTAR_THRESHOLD,0.151,2007
323,USTAR_VUT,USTAR_PERCENTILE,53.75,2007
323,USTAR_VUT,USTAR_THRESHOLD,0.15125,2007
324,USTAR_VUT,USTAR_PERCENTILE,56.25,2007
324,USTAR_VUT,USTAR_THRESHOLD,0.151875,2007
325,USTAR_VUT,USTAR_PERCENTILE,58.75,2007
325,USTAR_VUT,USTAR_THRESHOLD,0.155857,2007
326,USTAR_VUT,USTAR_PERCENTILE,61.25,2007
326,USTAR_VUT,USTAR_THRESHOLD,0.158036,2007
327,USTAR_VUT,USTAR_PERCENTILE,63.75,2007
327,USTAR_VUT,USTAR_THRESHOLD,0.162208,2007
328,USTAR_VUT,USTAR_PERCENTILE,66.25,2007
328,USTAR_VUT,USTAR_THRESHOLD,0.163671,2007
329,USTAR_VUT,USTAR_PERCENTILE,68.75,2007
329,USTAR_VUT,USTAR_THRESHOLD,0.1782,2007
330,USTAR_VUT,USTAR_PERCENTILE,71.25,2007
330,USTAR_VUT,USTAR_THRESHOLD,0.180333,2007
331,USTAR_VUT,USTAR_PERCENTILE,73.75,2007
331,USTAR_VUT,USTAR_THRESHOLD,0.185,2007
332,USTAR_VUT,USTAR_PERCENTILE,76.25,2007
332,USTAR_VUT,USTAR_THRESHOLD,0.186845,2007
333,USTAR_VUT,USTAR_PERCENTILE,78.75,2007
333,USTAR_VUT,USTAR_THRESHOLD,0.190938,2007
334,USTAR_VUT,USTAR_PERCENTILE,81.25,2007
334,USTAR_VUT,USTAR_THRESHOLD,0.1922,2007
335,USTAR_VUT,USTAR_PERCENTILE,83.75,2007
335,USTAR_VUT,USTAR_THRESHOLD,0.199357,2007
336,USTAR_VUT,USTAR_PERCENTILE,86.25,2007
336,USTAR_VUT,USTAR_THRESHOLD,0.205333,2007
337,USTAR_VUT,USTAR_PERCENTILE,88.75,2007
337,USTAR_VUT,USTAR_THRESHOLD,0.208714,2007
338,USTAR_VUT,USTAR_PERCENTILE,91.25,2007
338,USTAR_VUT,USTAR_THRESHOLD,0.2135,2007
339,USTAR_VUT,USTAR_PERCENTILE,93.75,2007
339,USTAR_VUT,USTAR_THRESHOLD,0.218767,2007
340,USTAR_VUT,USTAR_PERCENTILE,96.25,2007
340,USTAR_VUT,USTAR_THRESHOLD,0.253,2007
341,USTAR_VUT,USTAR_PERCENTILE,98.75,2007
341,USTAR_VUT,USTAR_THRESHOLD,0.258444,2007
342,USTAR_VUT,USTAR_PERCENTILE,1.25,2008
342,USTAR_VUT,USTAR_THRESHOLD,0.0556,2008
343,USTAR_VUT,USTAR_PERCENTILE,3.75,2008
343,USTAR_VUT,USTAR_THRESHOLD,0.0852143,2008
344,USTAR_VUT,USTAR_PERCENTILE,6.25,2008
344,USTAR_VUT,USTAR_THRESHOLD,0.107571,2008
345,USTAR_VUT,USTAR_PERCENTILE,8.75,2008
345,USTAR_VUT,USTAR_THRESHOLD,0.116067,2008
346,USTAR_VUT,USTAR_PERCENTILE,11.25,2008
346,USTAR_VUT,USTAR_THRESHOLD,0.13075,2008
347,USTAR_VUT,USTAR_PERCENTILE,13.75,2008
347,USTAR_VUT,USTAR_THRESHOLD,0.136833,2008
348,USTAR_VUT,USTAR_PERCENTILE,16.25,2008
348,USTAR_VUT,USTAR_THRESHOLD,0.141583,2008
349,USTAR_VUT,USTAR_PERCENTILE,18.75,2008
349,USTAR_VUT,USTAR_THRESHOLD,0.144857,2008
350,USTAR_VUT,USTAR_PERCENTILE,21.25,2008
350,USTAR_VUT,USTAR_THRESHOLD,0.1464,2008
351,USTAR_VUT,USTAR_PERCENTILE,23.75,2008
351,USTAR_VUT,USTAR_THRESHOLD,0.151,2008
352,USTAR_VUT,USTAR_PERCENTILE,26.25,2008
352,USTAR_VUT,USTAR_THRESHOLD,0.153,2008
353,USTAR_VUT,USTAR_PERCENTILE,28.75,2008
353,USTAR_VUT,USTAR_THRESHOLD,0.157087,2008
354,USTAR_VUT,USTAR_PERCENTILE,31.25,2008
354,USTAR_VUT,USTAR_THRESHOLD,0.162,2008
355,USTAR_VUT,USTAR_PERCENTILE,33.75,2008
355,USTAR_VUT,USTAR_THRESHOLD,0.164875,2008
356,USTAR_VUT,USTAR_PERCENTILE,36.25,2008
356,USTAR_VUT,USTAR_THRESHOLD,0.1714,2008
357,USTAR_VUT,USTAR_PERCENTILE,38.75,2008
357,USTAR_VUT,USTAR_THRESHOLD,0.17675,2008
358,USTAR_VUT,USTAR_PERCENTILE,41.25,2008
358,USTAR_VUT,USTAR_THRESHOLD,0.180417,2008
359,USTAR_VUT,USTAR_PERCENTILE,43.75,2008
359,USTAR_VUT,USTAR_THRESHOLD,0.182167,2008
360,USTAR_VUT,USTAR_PERCENTILE,46.25,2008
360,USTAR_VUT,USTAR_THRESHOLD,0.184,2008
361,USTAR_VUT,USTAR_PERCENTILE,48.75,2008
361,USTAR_VUT,USTAR_THRESHOLD,0.186571,2008
362,USTAR_VUT,USTAR_PERCENTILE,50.00,2008
362,USTAR_VUT,USTAR_THRESHOLD,0.189048,2008
363,USTAR_VUT,USTAR_PERCENTILE,51.25,2008
363,USTAR_VUT,USTAR_THRESHOLD,0.191857,2008
364,USTAR_VUT,USTAR_PERCENTILE,53.75,2008
364,USTAR_VUT,USTAR_THRESHOLD,0.195867,2008
365,USTAR_VUT,USTAR_PERCENTILE,56.25,2008
365,USTAR_VUT,USTAR_THRESHOLD,0.2035,2008
366,USTAR_VUT,USTAR_PERCENTILE,58.75,2008
366,USTAR_VUT,USTAR_THRESHOLD,0.208571,2008
367,USTAR_VUT,USTAR_PERCENTILE,61.25,2008
367,USTAR_VUT,USTAR_THRESHOLD,0.215,2008
368,USTAR_VUT,USTAR_PERCENTILE,63.75,2008
368,USTAR_VUT,USTAR_THRESHOLD,0.23245,2008
369,USTAR_VUT,USTAR_PERCENTILE,66.25,2008
369,USTAR_VUT,USTAR_THRESHOLD,0.240818,2008
370,USTAR_VUT,USTAR_PERCENTILE,68.75,2008
370,USTAR_VUT,USTAR_THRESHOLD,0.25128,2008
371,USTAR_VUT,USTAR_PERCENTILE,71.25,2008
371,USTAR_VUT,USTAR_THRESHOLD,0.256255,2008
372,USTAR_VUT,USTAR_PERCENTILE,73.75,2008
372,USTAR_VUT,USTAR_THRESHOLD,0.258444,2008
373,USTAR_VUT,USTAR_PERCENTILE,76.25,2008
373,USTAR_VUT,USTAR_THRESHOLD,0.262,2008
374,USTAR_VUT,USTAR_PERCENTILE,78.75,2008
374,USTAR_VUT,USTAR_THRESHOLD,0.266446,2008
375,USTAR_VUT,USTAR_PERCENTILE,81.25,2008
375,USTAR_VUT,USTAR_THRESHOLD,0.2736,2008
376,USTAR_VUT,USTAR_PERCENTILE,83.75,2008
376,USTAR_VUT,USTAR_THRESHOLD,0.276681,2008
377,USTAR_VUT,USTAR_PERCENTILE,86.25,2008
377,USTAR_VUT,USTAR_THRESHOLD,0.280009,2008
378,USTAR_VUT,USTAR_PERCENTILE,88.75,2008
378,USTAR_VUT,USTAR_THRESHOLD,0.282958,2008
379,USTAR_VUT,USTAR_PERCENTILE,91.25,2008
379,USTAR_VUT,USTAR_THRESHOLD,0.288862,2008
380,USTAR_VUT,USTAR_PERCENTILE,93.75,2008
380,USTAR_VUT,USTAR_THRESHOLD,0.294317,2008
381,USTAR_VUT,USTAR_PERCENTILE,96.25,2008
381,USTAR_VUT,USTAR_THRESHOLD,0.303272,2008
382,USTAR_VUT,USTAR_PERCENTILE,98.75,2008
382,USTAR_VUT,USTAR_THRESHOLD,0.3107,2008
383,USTAR_VUT,USTAR_PERCENTILE,1.25,2009
383,USTAR_VUT,USTAR_THRESHOLD,0.0556,2009
384,USTAR_VUT,USTAR_PERCENTILE,3.75,2009
384,USTAR_VUT,USTAR_THRESHOLD,0.0738444,2009
385,USTAR_VUT,USTAR_PERCENTILE,6.25,2009
385,USTAR_VUT,USTAR_THRESHOLD,0.0839583,2009
386,USTAR_VUT,USTAR_PERCENTILE,8.75,2009
386,USTAR_VUT,USTAR_THRESHOLD,0.100659,2009
387,USTAR_VUT,USTAR_PERCENTILE,11.25,2009
387,USTAR_VUT,USTAR_THRESHOLD,0.1115,2009
388,USTAR_VUT,USTAR_PERCENTILE,13.75,2009
388,USTAR_VUT,USTAR_THRESHOLD,0.126214,2009
389,USTAR_VUT,USTAR_PERCENTILE,16.25,2009
389,USTAR_VUT,USTAR_THRESHOLD,0.1326,2009
390,USTAR_VUT,USTAR_PERCENTILE,18.75,2009
390,USTAR_VUT,USTAR_THRESHOLD,0.140556,2009
391,USTAR_VUT,USTAR_PERCENTILE,21.25,2009
391,USTAR_VUT,USTAR_THRESHOLD,0.144722,2009
392,USTAR_VUT,USTAR_PERCENTILE,23.75,2009
392,USTAR_VUT,USTAR_THRESHOLD,0.147778,2009
393,USTAR_VUT,USTAR_PERCENTILE,26.25,2009
393,USTAR_VUT,USTAR_THRESHOLD,0.153159,2009
394,USTAR_VUT,USTAR_PERCENTILE,28.75,2009
394,USTAR_VUT,USTAR_THRESHOLD,0.1593,2009
395,USTAR_VUT,USTAR_PERCENTILE,31.25,2009
395,USTAR_VUT,USTAR_THRESHOLD,0.16425,2009
396,USTAR_VUT,USTAR_PERCENTILE,33.75,2009
396,USTAR_VUT,USTAR_THRESHOLD,0.170512,2009
397,USTAR_VUT,USTAR_PERCENTILE,36.25,2009
397,USTAR_VUT,USTAR_THRESHOLD,0.1782,2009
398,USTAR_VUT,USTAR_PERCENTILE,38.75,2009
398,USTAR_VUT,USTAR_THRESHOLD,0.1818,2009
399,USTAR_VUT,USTAR_PERCENTILE,41.25,2009
399,USTAR_VUT,USTAR_THRESHOLD,0.184,2009
400,USTAR_VUT,USTAR_PERCENTILE,43.75,2009
400,USTAR_VUT,USTAR_THRESHOLD,0.1872,2009
401,USTAR_VUT,USTAR_PERCENTILE,46.25,2009
401,USTAR_VUT,USTAR_THRESHOLD,0.192833,2009
402,USTAR_VUT,USTAR_PERCENTILE,48.75,2009
402,USTAR_VUT,USTAR_THRESHOLD,0.2035,2009
403,USTAR_VUT,USTAR_PERCENTILE,50.00,2009
403,USTAR_VUT,USTAR_THRESHOLD,0.207286,2009
404,USTAR_VUT,USTAR_PERCENTILE,51.25,2009
404,USTAR_VUT,USTAR_THRESHOLD,0.2105,2009
405,USTAR_VUT,USTAR_PERCENTILE,53.75,2009
405,USTAR_VUT,USTAR_THRESHOLD,0.2216,2009
406,USTAR_VUT,USTAR_PERCENTILE,56.25,2009
406,USTAR_VUT,USTAR_THRESHOLD,0.234773,2009
407,USTAR_VUT,USTAR_PERCENTILE,58.75,2009
407,USTAR_VUT,USTAR_THRESHOLD,0.243982,2009
408,USTAR_VUT,USTAR_PERCENTILE,61.25,2009
408,USTAR_VUT,USTAR_THRESHOLD,0.25128,2009
409,USTAR_VUT,USTAR_PERCENTILE,63.75,2009
409,USTAR_VUT,USTAR_THRESHOLD,0.256588,2009
410,USTAR_VUT,USTAR_PERCENTILE,66.25,2009
410,USTAR_VUT,USTAR_THRESHOLD,0.258742,2009
411,USTAR_VUT,USTAR_PERCENTILE,68.75,2009
411,USTAR_VUT,USTAR_THRESHOLD,0.262915,2009
412,USTAR_VUT,USTAR_PERCENTILE,71.25,2009
412,USTAR_VUT,USTAR_THRESHOLD,0.267336,2009
413,USTAR_VUT,USTAR_PERCENTILE,73.75,2009
413,USTAR_VUT,USTAR_THRESHOLD,0.270653,2009
414,USTAR_VUT,USTAR_PERCENTILE,76.25,2009
414,USTAR_VUT,USTAR_THRESHOLD,0.275129,2009
415,USTAR_VUT,USTAR_PERCENTILE,78.75,2009
415,USTAR_VUT,USTAR_THRESHOLD,0.277943,2009
416,USTAR_VUT,USTAR_PERCENTILE,81.25,2009
416,USTAR_VUT,USTAR_THRESHOLD,0.280575,2009
417,USTAR_VUT,USTAR_PERCENTILE,83.75,2009
417,USTAR_VUT,USTAR_THRESHOLD,0.283696,2009
418,USTAR_VUT,USTAR_PERCENTILE,86.25,2009
418,USTAR_VUT,USTAR_THRESHOLD,0.287105,2009
419,USTAR_VUT,USTAR_PERCENTILE,88.75,2009
419,USTAR_VUT,USTAR_THRESHOLD,0.292341,2009
420,USTAR_VUT,USTAR_PERCENTILE,91.25,2009
420,USTAR_VUT,USTAR_THRESHOLD,0.295783,2009
421,USTAR_VUT,USTAR_PERCENTILE,93.75,2009
421,USTAR_VUT,USTAR_THRESHOLD,0.3058,2009
422,USTAR_VUT,USTAR_PERCENTILE,96.25,2009
422,USTAR_VUT,USTAR_THRESHOLD,0.310597,2009
423,USTAR_VUT,USTAR_PERCENTILE,98.75,2009
423,USTAR_VUT,USTAR_THRESHOLD,0.32372,2009
424,USTAR_VUT,USTAR_PERCENTILE,1.25,2010
424,USTAR_VUT,USTAR_THRESHOLD,0.0693333,2010
425,USTAR_VUT,USTAR_PERCENTILE,3.75,2010
425,USTAR_VUT,USTAR_THRESHOLD,0.0831429,2010
426,USTAR_VUT,USTAR_PERCENTILE,6.25,2010
426,USTAR_VUT,USTAR_THRESHOLD,0.107,2010
427,USTAR_VUT,USTAR_PERCENTILE,8.75,2010
427,USTAR_VUT,USTAR_THRESHOLD,0.1305,2010
428,USTAR_VUT,USTAR_PERCENTILE,11.25,2010
428,USTAR_VUT,USTAR_THRESHOLD,0.13625,2010
429,USTAR_VUT,USTAR_PERCENTILE,13.75,2010
429,USTAR_VUT,USTAR_THRESHOLD,0.140556,2010
430,USTAR_VUT,USTAR_PERCENTILE,16.25,2010
430,USTAR_VUT,USTAR_THRESHOLD,0.148375,2010
431,USTAR_VUT,USTAR_PERCENTILE,18.75,2010
431,USTAR_VUT,USTAR_THRESHOLD,0.154222,2010
432,USTAR_VUT,USTAR_PERCENTILE,21.25,2010
432,USTAR_VUT,USTAR_THRESHOLD,0.160333,2010
433,USTAR_VUT,USTAR_PERCENTILE,23.75,2010
433,USTAR_VUT,USTAR_THRESHOLD,0.164875,2010
434,USTAR_VUT,USTAR_PERCENTILE,26.25,2010
434,USTAR_VUT,USTAR_THRESHOLD,0.1684,2010
435,USTAR_VUT,USTAR_PERCENTILE,28.75,2010
435,USTAR_VUT,USTAR_THRESHOLD,0.17225,2010
436,USTAR_VUT,USTAR_PERCENTILE,31.25,2010
436,USTAR_VUT,USTAR_THRESHOLD,0.1764,2010
437,USTAR_VUT,USTAR_PERCENTILE,33.75,2010
437,USTAR_VUT,USTAR_THRESHOLD,0.18,2010
438,USTAR_VUT,USTAR_PERCENTILE,36.25,2010
438,USTAR_VUT,USTAR_THRESHOLD,0.183,2010
439,USTAR_VUT,USTAR_PERCENTILE,38.75,2010
439,USTAR_VUT,USTAR_THRESHOLD,0.1848,2010
440,USTAR_VUT,USTAR_PERCENTILE,41.25,2010
440,USTAR_VUT,USTAR_THRESHOLD,0.186667,2010
441,USTAR_VUT,USTAR_PERCENTILE,43.75,2010
441,USTAR_VUT,USTAR_THRESHOLD,0.192,2010
442,USTAR_VUT,USTAR_PERCENTILE,46.25,2010
442,USTAR_VUT,USTAR_THRESHOLD,0.200375,2010
443,USTAR_VUT,USTAR_PERCENTILE,48.75,2010
443,USTAR_VUT,USTAR_THRESHOLD,0.208375,2010
444,USTAR_VUT,USTAR_PERCENTILE,50.00,2010
444,USTAR_VUT,USTAR_THRESHOLD,0.211545,2010
445,USTAR_VUT,USTAR_PERCENTILE,51.25,2010
445,USTAR_VUT,USTAR_THRESHOLD,0.216,2010
446,USTAR_VUT,USTAR_PERCENTILE,53.75,2010
446,USTAR_VUT,USTAR_THRESHOLD,0.224667,2010
447,USTAR_VUT,USTAR_PERCENTILE,56.25,2010
447,USTAR_VUT,USTAR_THRESHOLD,0.235093,2010
448,USTAR_VUT,USTAR_PERCENTILE,58.75,2010
448,USTAR_VUT,USTAR_THRESHOLD,0.242805,2010
449,USTAR_VUT,USTAR_PERCENTILE,61.25,2010
449,USTAR_VUT,USTAR_THRESHOLD,0.248833,2010
450,USTAR_VUT,USTAR_PERCENTILE,63.75,2010
450,USTAR_VUT,USTAR_THRESHOLD,0.25592,2010
451,USTAR_VUT,USTAR_PERCENTILE,66.25,2010
451,USTAR_VUT,USTAR_THRESHOLD,0.258625,2010
452,USTAR_VUT,USTAR_PERCENTILE,68.75,2010
452,USTAR_VUT,USTAR_THRESHOLD,0.262899,2010
453,USTAR_VUT,USTAR_PERCENTILE,71.25,2010
453,USTAR_VUT,USTAR_THRESHOLD,0.26725,2010
454,USTAR_VUT,USTAR_PERCENTILE,73.75,2010
454,USTAR_VUT,USTAR_THRESHOLD,0.270645,2010
455,USTAR_VUT,USTAR_PERCENTILE,76.25,2010
455,USTAR_VUT,USTAR_THRESHOLD,0.275129,2010
456,USTAR_VUT,USTAR_PERCENTILE,78.75,2010
456,USTAR_VUT,USTAR_THRESHOLD,0.277943,2010
457,USTAR_VUT,USTAR_PERCENTILE,81.25,2010
457,USTAR_VUT,USTAR_THRESHOLD,0.280575,2010
458,USTAR_VUT,USTAR_PERCENTILE,83.75,2010
458,USTAR_VUT,USTAR_THRESHOLD,0.283696,2010
459,USTAR_VUT,USTAR_PERCENTILE,86.25,2010
459,USTAR_VUT,USTAR_THRESHOLD,0.287105,2010
460,USTAR_VUT,USTAR_PERCENTILE,88.75,2010
460,USTAR_VUT,USTAR_THRESHOLD,0.292341,2010
461,USTAR_VUT,USTAR_PERCENTILE,91.25,2010
461,USTAR_VUT,USTAR_THRESHOLD,0.295783,2010
462,USTAR_VUT,USTAR_PERCENTILE,93.75,2010
462,USTAR_VUT,USTAR_THRESHOLD,0.3058,2010
463,USTAR_VUT,USTAR_PERCENTILE,96.25,2010
463,USTAR_VUT,USTAR_THRESHOLD,0.310597,2010
464,USTAR_VUT,USTAR_PERCENTILE,98.75,2010
464,USTAR_VUT,USTAR_THRESHOLD,0.32372,2010
465,USTAR_VUT,USTAR_PERCENTILE,1.25,2011
465,USTAR_VUT,USTAR_THRESHOLD,0.0650119,2011
466,USTAR_VUT,USTAR_PERCENTILE,3.75,2011
466,USTAR_VUT,USTAR_THRESHOLD,0.0708333,2011
467,USTAR_VUT,USTAR_PERCENTILE,6.25,2011
467,USTAR_VUT,USTAR_THRESHOLD,0.0831429,2011
468,USTAR_VUT,USTAR_PERCENTILE,8.75,2011
468,USTAR_VUT,USTAR_THRESHOLD,0.096,2011
469,USTAR_VUT,USTAR_PERCENTILE,11.25,2011
469,USTAR_VUT,USTAR_THRESHOLD,0.1115,2011
470,USTAR_VUT,USTAR_PERCENTILE,13.75,2011
470,USTAR_VUT,USTAR_THRESHOLD,0.127655,2011
471,USTAR_VUT,USTAR_PERCENTILE,16.25,2011
471,USTAR_VUT,USTAR_THRESHOLD,0.135433,2011
472,USTAR_VUT,USTAR_PERCENTILE,18.75,2011
472,USTAR_VUT,USTAR_THRESHOLD,0.140133,2011
473,USTAR_VUT,USTAR_PERCENTILE,21.25,2011
473,USTAR_VUT,USTAR_THRESHOLD,0.1486,2011
474,USTAR_VUT,USTAR_PERCENTILE,23.75,2011
474,USTAR_VUT,USTAR_THRESHOLD,0.1546,2011
475,USTAR_VUT,USTAR_PERCENTILE,26.25,2011
475,USTAR_VUT,USTAR_THRESHOLD,0.160333,2011
476,USTAR_VUT,USTAR_PERCENTILE,28.75,2011
476,USTAR_VUT,USTAR_THRESHOLD,0.1658,2011
477,USTAR_VUT,USTAR_PERCENTILE,31.25,2011
477,USTAR_VUT,USTAR_THRESHOLD,0.16875,2011
478,USTAR_VUT,USTAR_PERCENTILE,33.75,2011
478,USTAR_VUT,USTAR_THRESHOLD,0.17225,2011
479,USTAR_VUT,USTAR_PERCENTILE,36.25,2011
479,USTAR_VUT,USTAR_THRESHOLD,0.1745,2011
480,USTAR_VUT,USTAR_PERCENTILE,38.75,2011
480,USTAR_VUT,USTAR_THRESHOLD,0.178,2011
481,USTAR_VUT,USTAR_PERCENTILE,41.25,2011
481,USTAR_VUT,USTAR_THRESHOLD,0.1835,2011
482,USTAR_VUT,USTAR_PERCENTILE,43.75,2011
482,USTAR_VUT,USTAR_THRESHOLD,0.1855,2011
483,USTAR_VUT,USTAR_PERCENTILE,46.25,2011
483,USTAR_VUT,USTAR_THRESHOLD,0.189583,2011
484,USTAR_VUT,USTAR_PERCENTILE,48.75,2011
484,USTAR_VUT,USTAR_THRESHOLD,0.192857,2011
485,USTAR_VUT,USTAR_PERCENTILE,50.00,2011
485,USTAR_VUT,USTAR_THRESHOLD,0.200375,2011
486,USTAR_VUT,USTAR_PERCENTILE,51.25,2011
486,USTAR_VUT,USTAR_THRESHOLD,0.204833,2011
487,USTAR_VUT,USTAR_PERCENTILE,53.75,2011
487,USTAR_VUT,USTAR_THRESHOLD,0.212333,2011
488,USTAR_VUT,USTAR_PERCENTILE,56.25,2011
488,USTAR_VUT,USTAR_THRESHOLD,0.21787,2011
489,USTAR_VUT,USTAR_PERCENTILE,58.75,2011
489,USTAR_VUT,USTAR_THRESHOLD,0.22805,2011
490,USTAR_VUT,USTAR_PERCENTILE,61.25,2011
490,USTAR_VUT,USTAR_THRESHOLD,0.236456,2011
491,USTAR_VUT,USTAR_PERCENTILE,63.75,2011
491,USTAR_VUT,USTAR_THRESHOLD,0.243982,2011
492,USTAR_VUT,USTAR_PERCENTILE,66.25,2011
492,USTAR_VUT,USTAR_THRESHOLD,0.248833,2011
493,USTAR_VUT,USTAR_PERCENTILE,68.75,2011
493,USTAR_VUT,USTAR_THRESHOLD,0.258536,2011
494,USTAR_VUT,USTAR_PERCENTILE,71.25,2011
494,USTAR_VUT,USTAR_THRESHOLD,0.265421,2011
495,USTAR_VUT,USTAR_PERCENTILE,73.75,2011
495,USTAR_VUT,USTAR_THRESHOLD,0.268602,2011
496,USTAR_VUT,USTAR_PERCENTILE,76.25,2011
496,USTAR_VUT,USTAR_THRESHOLD,0.270653,2011
497,USTAR_VUT,USTAR_PERCENTILE,78.75,2011
497,USTAR_VUT,USTAR_THRESHOLD,0.27656,2011
498,USTAR_VUT,USTAR_PERCENTILE,81.25,2011
498,USTAR_VUT,USTAR_THRESHOLD,0.279661,2011
499,USTAR_VUT,USTAR_PERCENTILE,83.75,2011
499,USTAR_VUT,USTAR_THRESHOLD,0.283696,2011
500,USTAR_VUT,USTAR_PERCENTILE,86.25,2011
500,USTAR_VUT,USTAR_THRESHOLD,0.286195,2011
501,USTAR_VUT,USTAR_PERCENTILE,88.75,2011
501,USTAR_VUT,USTAR_THRESHOLD,0.290172,2011
502,USTAR_VUT,USTAR_PERCENTILE,91.25,2011
502,USTAR_VUT,USTAR_THRESHOLD,0.299167,2011
503,USTAR_VUT,USTAR_PERCENTILE,93.75,2011
503,USTAR_VUT,USTAR_THRESHOLD,0.306,2011
504,USTAR_VUT,USTAR_PERCENTILE,96.25,2011
504,USTAR_VUT,USTAR_THRESHOLD,0.31359,2011
505,USTAR_VUT,USTAR_PERCENTILE,98.75,2011
505,USTAR_VUT,USTAR_THRESHOLD,0.32372,2011
